state,subsystem,year,month,MWh
Alagoas,Nordeste,2018,1,363862.312
Bahia,Nordeste,2018,1,2094036.857
Ceara,Nordeste,2018,1,935126.18
Maranhao,Nordeste,2018,1,565403.955
Pernambuco,Nordeste,2018,1,1167829.48
Piaui,Nordeste,2018,1,287938.29
Rio Grande do Norte,Nordeste,2018,1,496448.0
Sergipe,Nordeste,2018,1,334457.692
paraiba,Nordeste,2018,1,473698.171
Acre,Norte,2018,1,75959.61973612741
Amapa,Norte,2018,1,88957.586
Amazonas,Norte,2018,1,431254.1640360471
Para,Norte,2018,1,1578578.809523554
Rondonia,Norte,2018,1,233701.81370427136
Tocantins,Norte,2018,1,172661.356
Distrito Federal,Sudeste/Centro-Oeste,2018,1,515061.268
Espirito Santo,Sudeste/Centro-Oeste,2018,1,859595.0
Goias,Sudeste/Centro-Oeste,2018,1,1241869.0
Mato Grosso do Sul,Sudeste/Centro-Oeste,2018,1,493201.95
Mato Grosso do Sul,Sudeste/Centro-Oeste,2018,1,671485.75
Minas Gerais,Sudeste/Centro-Oeste,2018,1,4716736.561
Rio de Janeiro,Sudeste/Centro-Oeste,2018,1,3614646.254
Sao Paulo,Sudeste/Centro-Oeste,2018,1,10882702.16
Parana,Sul,2018,1,2597856.945
Rio Grande do Sul,Sul,2018,1,2830644.651
Santa Catarina,Sul,2018,1,2115002.519
Alagoas,Nordeste,2018,2,304520.465
Bahia,Nordeste,2018,2,2000892.385
Ceara,Nordeste,2018,2,892617.97
Maranhao,Nordeste,2018,2,519875.308
Pernambuco,Nordeste,2018,2,1159521.5
Piaui,Nordeste,2018,2,261118.52
Rio Grande do Norte,Nordeste,2018,2,461626.0
Sergipe,Nordeste,2018,2,315118.962
paraiba,Nordeste,2018,2,442042.852
Acre,Norte,2018,2,73953.82843808396
Amapa,Norte,2018,2,79556.191
Amazonas,Norte,2018,2,409944.4285121673
Para,Norte,2018,2,1457308.3196852591
Rondonia,Norte,2018,2,228869.6443644896
Tocantins,Norte,2018,2,170131.807
Distrito Federal,Sudeste/Centro-Oeste,2018,2,516046.624
Espirito Santo,Sudeste/Centro-Oeste,2018,2,842803.0
Goias,Sudeste/Centro-Oeste,2018,2,1210057.0
Mato Grosso do Sul,Sudeste/Centro-Oeste,2018,2,486456.526
Mato Grosso do Sul,Sudeste/Centro-Oeste,2018,2,692541.685
Minas Gerais,Sudeste/Centro-Oeste,2018,2,4551117.417
Rio de Janeiro,Sudeste/Centro-Oeste,2018,2,3368689.094
Sao Paulo,Sudeste/Centro-Oeste,2018,2,10931881.534
Parana,Sul,2018,2,2641400.336
Rio Grande do Sul,Sul,2018,2,2751006.281
Santa Catarina,Sul,2018,2,2207483.036
Alagoas,Nordeste,2018,3,322656.165
Bahia,Nordeste,2018,3,2075772.416
Ceara,Nordeste,2018,3,897299.787
Maranhao,Nordeste,2018,3,559924.1
Pernambuco,Nordeste,2018,3,1190835.25
Piaui,Nordeste,2018,3,272640.68
Rio Grande do Norte,Nordeste,2018,3,482261.0
Sergipe,Nordeste,2018,3,327619.553
paraiba,Nordeste,2018,3,458712.21
Acre,Norte,2018,3,71594.6035387958
Amapa,Norte,2018,3,82247.926
Amazonas,Norte,2018,3,473637.3218227089
Para,Norte,2018,3,1576159.9536506706
Rondonia,Norte,2018,3,241370.42998782467
Tocantins,Norte,2018,3,185249.099
Distrito Federal,Sudeste/Centro-Oeste,2018,3,498281.169
Espirito Santo,Sudeste/Centro-Oeste,2018,3,932746.0
Goias,Sudeste/Centro-Oeste,2018,3,1276484.0
Mato Grosso do Sul,Sudeste/Centro-Oeste,2018,3,514369.295
Mato Grosso do Sul,Sudeste/Centro-Oeste,2018,3,742591.316
Minas Gerais,Sudeste/Centro-Oeste,2018,3,4688540.473
Rio de Janeiro,Sudeste/Centro-Oeste,2018,3,3739432.834
Sao Paulo,Sudeste/Centro-Oeste,2018,3,11487908.288
Parana,Sul,2018,3,2773964.593
Rio Grande do Sul,Sul,2018,3,2815809.502
Santa Catarina,Sul,2018,3,2212759.548
Alagoas,Nordeste,2018,4,411156.516
Bahia,Nordeste,2018,4,2098355.7
Ceara,Nordeste,2018,4,931559.268
Maranhao,Nordeste,2018,4,560141.048
Pernambuco,Nordeste,2018,4,1171049.07
Piaui,Nordeste,2018,4,270380.79
Rio Grande do Norte,Nordeste,2018,4,461048.0
Sergipe,Nordeste,2018,4,321357.452
paraiba,Nordeste,2018,4,443056.413
Acre,Norte,2018,4,69510.70934094231
Amapa,Norte,2018,4,81706.747
Amazonas,Norte,2018,4,456514.87577213236
Para,Norte,2018,4,1400029.6660041567
Rondonia,Norte,2018,4,242859.66088276875
Tocantins,Norte,2018,4,184183.412
Distrito Federal,Sudeste/Centro-Oeste,2018,4,531859.889
Espirito Santo,Sudeste/Centro-Oeste,2018,4,840530.0
Goias,Sudeste/Centro-Oeste,2018,4,1315064.72
Mato Grosso do Sul,Sudeste/Centro-Oeste,2018,4,527987.431
Mato Grosso do Sul,Sudeste/Centro-Oeste,2018,4,711946.021
Minas Gerais,Sudeste/Centro-Oeste,2018,4,4771307.976
Rio de Janeiro,Sudeste/Centro-Oeste,2018,4,3625511.568
Sao Paulo,Sudeste/Centro-Oeste,2018,4,11492422.249
Parana,Sul,2018,4,2800067.564
Rio Grande do Sul,Sul,2018,4,2604430.878
Santa Catarina,Sul,2018,4,2152420.598
Alagoas,Nordeste,2018,5,410880.445
Bahia,Nordeste,2018,5,2100432.789
Ceara,Nordeste,2018,5,949610.026
Maranhao,Nordeste,2018,5,570332.836
Pernambuco,Nordeste,2018,5,1159272.15
Piaui,Nordeste,2018,5,277263.69
Rio Grande do Norte,Nordeste,2018,5,446750.0
Sergipe,Nordeste,2018,5,307917.717
paraiba,Nordeste,2018,5,438020.313
Acre,Norte,2018,5,76006.95686503379
Amapa,Norte,2018,5,84407.184
Amazonas,Norte,2018,5,465190.76054897433
Para,Norte,2018,5,1359158.702109679
Rondonia,Norte,2018,5,246952.27747631297
Tocantins,Norte,2018,5,199930.839
Distrito Federal,Sudeste/Centro-Oeste,2018,5,511465.689
Espirito Santo,Sudeste/Centro-Oeste,2018,5,820372.0
Goias,Sudeste/Centro-Oeste,2018,5,1263527.0
Mato Grosso do Sul,Sudeste/Centro-Oeste,2018,5,498361.852
Mato Grosso do Sul,Sudeste/Centro-Oeste,2018,5,740429.802
Minas Gerais,Sudeste/Centro-Oeste,2018,5,4637059.247
Rio de Janeiro,Sudeste/Centro-Oeste,2018,5,3321233.629
Sao Paulo,Sudeste/Centro-Oeste,2018,5,10961977.177
Parana,Sul,2018,5,2589020.216
Rio Grande do Sul,Sul,2018,5,2576792.909
Santa Catarina,Sul,2018,5,2067675.336
Alagoas,Nordeste,2018,6,389411.167
Bahia,Nordeste,2018,6,2053311.118
Ceara,Nordeste,2018,6,981500.709
Maranhao,Nordeste,2018,6,586892.339
Pernambuco,Nordeste,2018,6,1130063.85
Piaui,Nordeste,2018,6,292479.35
Rio Grande do Norte,Nordeste,2018,6,453723.0
Sergipe,Nordeste,2018,6,289027.362
paraiba,Nordeste,2018,6,426783.82
Acre,Norte,2018,6,69546.98514503487
Amapa,Norte,2018,6,83401.849
Amazonas,Norte,2018,6,448142.4781589331
Para,Norte,2018,6,1323930.2840202183
Rondonia,Norte,2018,6,226903.77067581375
Tocantins,Norte,2018,6,200772.698
Distrito Federal,Sudeste/Centro-Oeste,2018,6,512945.481
Espirito Santo,Sudeste/Centro-Oeste,2018,6,790173.0
Goias,Sudeste/Centro-Oeste,2018,6,1316031.0
Mato Grosso do Sul,Sudeste/Centro-Oeste,2018,6,433947.918
Mato Grosso do Sul,Sudeste/Centro-Oeste,2018,6,679850.397
Minas Gerais,Sudeste/Centro-Oeste,2018,6,4611537.013
Rio de Janeiro,Sudeste/Centro-Oeste,2018,6,3067867.425
Sao Paulo,Sudeste/Centro-Oeste,2018,6,10708600.045
Parana,Sul,2018,6,2529678.138
Rio Grande do Sul,Sul,2018,6,2414995.613
Santa Catarina,Sul,2018,6,1982193.28
Alagoas,Nordeste,2018,7,415725.311
Bahia,Nordeste,2018,7,2048945.077
Ceara,Nordeste,2018,7,937101.202
Maranhao,Nordeste,2018,7,596580.081
Pernambuco,Nordeste,2018,7,1091636.63
Piaui,Nordeste,2018,7,273591.88
Rio Grande do Norte,Nordeste,2018,7,438544.0
Sergipe,Nordeste,2018,7,293250.336
paraiba,Nordeste,2018,7,431977.588
Acre,Norte,2018,7,73888.03158953568
Amapa,Norte,2018,7,86686.813
Amazonas,Norte,2018,7,469190.59965597326
Para,Norte,2018,7,1361099.908537867
Rondonia,Norte,2018,7,243689.41821662386
Tocantins,Norte,2018,7,192072.176
Distrito Federal,Sudeste/Centro-Oeste,2018,7,486942.364
Espirito Santo,Sudeste/Centro-Oeste,2018,7,805174.0
Goias,Sudeste/Centro-Oeste,2018,7,1345905.0
Mato Grosso do Sul,Sudeste/Centro-Oeste,2018,7,441261.041
Mato Grosso do Sul,Sudeste/Centro-Oeste,2018,7,732467.837
Minas Gerais,Sudeste/Centro-Oeste,2018,7,4661887.911
Rio de Janeiro,Sudeste/Centro-Oeste,2018,7,3056282.53
Sao Paulo,Sudeste/Centro-Oeste,2018,7,10747050.223
Parana,Sul,2018,7,2599063.82
Rio Grande do Sul,Sul,2018,7,2477523.968
Santa Catarina,Sul,2018,7,2004847.601
Alagoas,Nordeste,2018,8,391495.848
Bahia,Nordeste,2018,8,2090198.961
Ceara,Nordeste,2018,8,945376.392
Maranhao,Nordeste,2018,8,621139.411
Pernambuco,Nordeste,2018,8,1120616.71
Piaui,Nordeste,2018,8,315255.69
Rio Grande do Norte,Nordeste,2018,8,465124.0
Sergipe,Nordeste,2018,8,301574.97
paraiba,Nordeste,2018,8,443853.649
Acre,Norte,2018,8,74561.46540964264
Amapa,Norte,2018,8,91249.02
Amazonas,Norte,2018,8,496156.25161903707
Para,Norte,2018,8,1311808.417325092
Rondonia,Norte,2018,8,257793.94964622837
Tocantins,Norte,2018,8,208382.189
Distrito Federal,Sudeste/Centro-Oeste,2018,8,508997.224
Espirito Santo,Sudeste/Centro-Oeste,2018,8,857231.0
Goias,Sudeste/Centro-Oeste,2018,8,1420133.48
Mato Grosso do Sul,Sudeste/Centro-Oeste,2018,8,456398.646
Mato Grosso do Sul,Sudeste/Centro-Oeste,2018,8,737807.807
Minas Gerais,Sudeste/Centro-Oeste,2018,8,4800722.206
Rio de Janeiro,Sudeste/Centro-Oeste,2018,8,3069855.347
Sao Paulo,Sudeste/Centro-Oeste,2018,8,10648076.276
Parana,Sul,2018,8,2648764.438
Rio Grande do Sul,Sul,2018,8,2510667.875
Santa Catarina,Sul,2018,8,2014241.056
Alagoas,Nordeste,2018,9,390713.497
Bahia,Nordeste,2018,9,2018557.844
Ceara,Nordeste,2018,9,956972.261
Maranhao,Nordeste,2018,9,619887.689
Pernambuco,Nordeste,2018,9,1121092.38
Piaui,Nordeste,2018,9,326382.53
Rio Grande do Norte,Nordeste,2018,9,478975.0
Sergipe,Nordeste,2018,9,298990.254
paraiba,Nordeste,2018,9,432359.84
Acre,Norte,2018,9,79415.31244865396
Amapa,Norte,2018,9,94993.511
Amazonas,Norte,2018,9,473650.8116546942
Para,Norte,2018,9,1343546.1542564887
Rondonia,Norte,2018,9,243173.70664016317
Tocantins,Norte,2018,9,208498.669
Distrito Federal,Sudeste/Centro-Oeste,2018,9,538285.689
Espirito Santo,Sudeste/Centro-Oeste,2018,9,829081.0
Goias,Sudeste/Centro-Oeste,2018,9,1402386.0
Mato Grosso do Sul,Sudeste/Centro-Oeste,2018,9,430360.408
Mato Grosso do Sul,Sudeste/Centro-Oeste,2018,9,787125.857
Minas Gerais,Sudeste/Centro-Oeste,2018,9,4727227.024
Rio de Janeiro,Sudeste/Centro-Oeste,2018,9,2972127.61
Sao Paulo,Sudeste/Centro-Oeste,2018,9,11073770.576
Parana,Sul,2018,9,2580183.824
Rio Grande do Sul,Sul,2018,9,2406664.519
Santa Catarina,Sul,2018,9,1999158.866
Alagoas,Nordeste,2018,10,443636.638
Bahia,Nordeste,2018,10,2165217.875
Ceara,Nordeste,2018,10,949235.767
Maranhao,Nordeste,2018,10,647507.287
Pernambuco,Nordeste,2018,10,1233056.32
Piaui,Nordeste,2018,10,338349.49
Rio Grande do Norte,Nordeste,2018,10,501759.0
Sergipe,Nordeste,2018,10,314482.301
paraiba,Nordeste,2018,10,466866.037
Acre,Norte,2018,10,84814.08765152654
Amapa,Norte,2018,10,102241.22
Amazonas,Norte,2018,10,520792.440206546
Para,Norte,2018,10,1361898.9022779283
Rondonia,Norte,2018,10,276954.4498639993
Tocantins,Norte,2018,10,208895.168
Distrito Federal,Sudeste/Centro-Oeste,2018,10,557177.304
Espirito Santo,Sudeste/Centro-Oeste,2018,10,856164.0
Goias,Sudeste/Centro-Oeste,2018,10,1451999.0
Mato Grosso do Sul,Sudeste/Centro-Oeste,2018,10,488242.431
Mato Grosso do Sul,Sudeste/Centro-Oeste,2018,10,817026.519
Minas Gerais,Sudeste/Centro-Oeste,2018,10,4907742.647
Rio de Janeiro,Sudeste/Centro-Oeste,2018,10,3285041.153
Sao Paulo,Sudeste/Centro-Oeste,2018,10,11056291.794
Parana,Sul,2018,10,2659613.452
Rio Grande do Sul,Sul,2018,10,2412211.985
Santa Catarina,Sul,2018,10,2046060.347
Alagoas,Nordeste,2018,11,438532.642
Bahia,Nordeste,2018,11,2209672.089
Ceara,Nordeste,2018,11,988434.586
Maranhao,Nordeste,2018,11,644882.034
Pernambuco,Nordeste,2018,11,1260062.43
Piaui,Nordeste,2018,11,335001.72
Rio Grande do Norte,Nordeste,2018,11,516316.0
Sergipe,Nordeste,2018,11,317122.136
paraiba,Nordeste,2018,11,480609.671
Acre,Norte,2018,11,86274.74129859562
Amapa,Norte,2018,11,92954.946
Amazonas,Norte,2018,11,476408.7519246596
Para,Norte,2018,11,1348302.1025116963
Rondonia,Norte,2018,11,258128.72826504847
Tocantins,Norte,2018,11,195911.768
Distrito Federal,Sudeste/Centro-Oeste,2018,11,539795.166
Espirito Santo,Sudeste/Centro-Oeste,2018,11,876846.0
Goias,Sudeste/Centro-Oeste,2018,11,1344431.0
Mato Grosso do Sul,Sudeste/Centro-Oeste,2018,11,498021.127
Mato Grosso do Sul,Sudeste/Centro-Oeste,2018,11,789604.03
Minas Gerais,Sudeste/Centro-Oeste,2018,11,4787556.582
Rio de Janeiro,Sudeste/Centro-Oeste,2018,11,3192127.512
Sao Paulo,Sudeste/Centro-Oeste,2018,11,11296171.678
Parana,Sul,2018,11,2667004.783
Rio Grande do Sul,Sul,2018,11,2459971.602
Santa Catarina,Sul,2018,11,2075635.686
Alagoas,Nordeste,2018,12,426137.251
Bahia,Nordeste,2018,12,2136708.596
Ceara,Nordeste,2018,12,970120.189
Maranhao,Nordeste,2018,12,606664.686
Pernambuco,Nordeste,2018,12,1269813.48
Piaui,Nordeste,2018,12,311587.0
Rio Grande do Norte,Nordeste,2018,12,499833.0
Sergipe,Nordeste,2018,12,320103.72
paraiba,Nordeste,2018,12,466491.31
Acre,Norte,2018,12,74877.4064828326
Amapa,Norte,2018,12,85275.104
Amazonas,Norte,2018,12,426678.2748518626
Para,Norte,2018,12,1349671.3138842604
Rondonia,Norte,2018,12,231451.01678104445
Tocantins,Norte,2018,12,181692.324
Distrito Federal,Sudeste/Centro-Oeste,2018,12,502806.909
Espirito Santo,Sudeste/Centro-Oeste,2018,12,889237.0
Goias,Sudeste/Centro-Oeste,2018,12,1404295.0
Mato Grosso do Sul,Sudeste/Centro-Oeste,2018,12,496348.805
Mato Grosso do Sul,Sudeste/Centro-Oeste,2018,12,738774.582
Minas Gerais,Sudeste/Centro-Oeste,2018,12,4610334.799
Rio de Janeiro,Sudeste/Centro-Oeste,2018,12,3384892.932
Sao Paulo,Sudeste/Centro-Oeste,2018,12,11138135.229
Parana,Sul,2018,12,2733163.36
Rio Grande do Sul,Sul,2018,12,2506845.702
Santa Catarina,Sul,2018,12,2057988.788
Alagoas,Nordeste,2019,1,435556.999
Bahia,Nordeste,2019,1,2180317.819
Ceara,Nordeste,2019,1,991072.128
Maranhao,Nordeste,2019,1,581643.872
Pernambuco,Nordeste,2019,1,1195509.41
Piaui,Nordeste,2019,1,272529.272
Rio Grande do Norte,Nordeste,2019,1,504901.0
Sergipe,Nordeste,2019,1,328854.468
paraiba,Nordeste,2019,1,489002.152
Acre,Norte,2019,1,81394.29755370223
Amapa,Norte,2019,1,80626.0
Amazonas,Norte,2019,1,436810.41385703516
Para,Norte,2019,1,1299944.795121532
Rondonia,Norte,2019,1,240589.01046773055
Tocantins,Norte,2019,1,188445.2
Distrito Federal,Sudeste/Centro-Oeste,2019,1,522500.0
Espirito Santo,Sudeste/Centro-Oeste,2019,1,897114.28
Goias,Sudeste/Centro-Oeste,2019,1,1353168.549
Mato Grosso do Sul,Sudeste/Centro-Oeste,2019,1,546145.369
Mato Grosso do Sul,Sudeste/Centro-Oeste,2019,1,731321.386
Minas Gerais,Sudeste/Centro-Oeste,2019,1,4834920.207
Rio de Janeiro,Sudeste/Centro-Oeste,2019,1,3825229.103
Sao Paulo,Sudeste/Centro-Oeste,2019,1,11534716.981
Parana,Sul,2019,1,2823330.084
Rio Grande do Sul,Sul,2019,1,2838638.07
Santa Catarina,Sul,2019,1,2366933.023
Alagoas,Nordeste,2019,2,377864.002
Bahia,Nordeste,2019,2,2122425.506
Ceara,Nordeste,2019,2,1046845.638
Maranhao,Nordeste,2019,2,571802.381
Pernambuco,Nordeste,2019,2,1179616.2
Piaui,Nordeste,2019,2,277260.504
Rio Grande do Norte,Nordeste,2019,2,484333.0
Sergipe,Nordeste,2019,2,310388.707
paraiba,Nordeste,2019,2,457357.648
Acre,Norte,2019,2,74283.82475129522
Amapa,Norte,2019,2,81200.0
Amazonas,Norte,2019,2,429183.04328664084
Para,Norte,2019,2,1194519.693422452
Rondonia,Norte,2019,2,234667.11253961176
Tocantins,Norte,2019,2,184040.452
Distrito Federal,Sudeste/Centro-Oeste,2019,2,544833.0
Espirito Santo,Sudeste/Centro-Oeste,2019,2,929908.89
Goias,Sudeste/Centro-Oeste,2019,2,1361447.838
Mato Grosso do Sul,Sudeste/Centro-Oeste,2019,2,558347.276
Mato Grosso do Sul,Sudeste/Centro-Oeste,2019,2,741401.239
Minas Gerais,Sudeste/Centro-Oeste,2019,2,4627720.342
Rio de Janeiro,Sudeste/Centro-Oeste,2019,2,3558671.489
Sao Paulo,Sudeste/Centro-Oeste,2019,2,11594893.366
Parana,Sul,2019,2,2846534.857
Rio Grande do Sul,Sul,2019,2,2883086.325
Santa Catarina,Sul,2019,2,2428999.251
Alagoas,Nordeste,2019,3,382951.0
Bahia,Nordeste,2019,3,2299390.853
Ceara,Nordeste,2019,3,980258.194
Maranhao,Nordeste,2019,3,580822.061
Pernambuco,Nordeste,2019,3,1267705.57
Piaui,Nordeste,2019,3,281084.954
Rio Grande do Norte,Nordeste,2019,3,481420.0
Sergipe,Nordeste,2019,3,316647.865
paraiba,Nordeste,2019,3,466568.223
Acre,Norte,2019,3,79407.21258733845
Amapa,Norte,2019,3,79087.0
Amazonas,Norte,2019,3,471647.8974925679
Para,Norte,2019,3,1300497.0243122317
Rondonia,Norte,2019,3,236616.56960786195
Tocantins,Norte,2019,3,188820.161
Distrito Federal,Sudeste/Centro-Oeste,2019,3,507842.0
Espirito Santo,Sudeste/Centro-Oeste,2019,3,967885.88
Goias,Sudeste/Centro-Oeste,2019,3,1311973.129
Mato Grosso do Sul,Sudeste/Centro-Oeste,2019,3,523157.84
Mato Grosso do Sul,Sudeste/Centro-Oeste,2019,3,761091.686
Minas Gerais,Sudeste/Centro-Oeste,2019,3,4691696.058
Rio de Janeiro,Sudeste/Centro-Oeste,2019,3,3695566.181
Sao Paulo,Sudeste/Centro-Oeste,2019,3,11407727.496
Parana,Sul,2019,3,2776859.607
Rio Grande do Sul,Sul,2019,3,2743887.324
Santa Catarina,Sul,2019,3,2264792.365
Alagoas,Nordeste,2019,4,371636.804
Bahia,Nordeste,2019,4,2145126.478
Ceara,Nordeste,2019,4,962729.362
Maranhao,Nordeste,2019,4,572046.874
Pernambuco,Nordeste,2019,4,1216641.17
Piaui,Nordeste,2019,4,276726.165
Rio Grande do Norte,Nordeste,2019,4,451083.0
Sergipe,Nordeste,2019,4,313706.326
paraiba,Nordeste,2019,4,470542.585
Acre,Norte,2019,4,81241.90145262223
Amapa,Norte,2019,4,81899.0
Amazonas,Norte,2019,4,472917.6788868749
Para,Norte,2019,4,1242877.0927527407
Rondonia,Norte,2019,4,241032.50690776212
Tocantins,Norte,2019,4,194781.157
Distrito Federal,Sudeste/Centro-Oeste,2019,4,513168.0
Espirito Santo,Sudeste/Centro-Oeste,2019,4,884073.92
Goias,Sudeste/Centro-Oeste,2019,4,1300304.64
Mato Grosso do Sul,Sudeste/Centro-Oeste,2019,4,512853.636
Mato Grosso do Sul,Sudeste/Centro-Oeste,2019,4,757312.341
Minas Gerais,Sudeste/Centro-Oeste,2019,4,4613124.677
Rio de Janeiro,Sudeste/Centro-Oeste,2019,4,3352134.881
Sao Paulo,Sudeste/Centro-Oeste,2019,4,11108068.194
Parana,Sul,2019,4,2763992.612
Rio Grande do Sul,Sul,2019,4,2532741.823
Santa Catarina,Sul,2019,4,2198896.059
Alagoas,Nordeste,2019,5,343603.003
Bahia,Nordeste,2019,5,2249368.637
Ceara,Nordeste,2019,5,1010850.693
Maranhao,Nordeste,2019,5,611376.544
Pernambuco,Nordeste,2019,5,1273354.45
Piaui,Nordeste,2019,5,292790.446
Rio Grande do Norte,Nordeste,2019,5,474869.0
Sergipe,Nordeste,2019,5,326216.854
paraiba,Nordeste,2019,5,480249.831
Acre,Norte,2019,5,83185.54296520216
Amapa,Norte,2019,5,87243.0
Amazonas,Norte,2019,5,479293.52876228513
Para,Norte,2019,5,1338264.8837262196
Rondonia,Norte,2019,5,249568.91554629328
Tocantins,Norte,2019,5,207409.199
Distrito Federal,Sudeste/Centro-Oeste,2019,5,537185.0
Espirito Santo,Sudeste/Centro-Oeste,2019,5,900083.26
Goias,Sudeste/Centro-Oeste,2019,5,1360496.679
Mato Grosso do Sul,Sudeste/Centro-Oeste,2019,5,506660.948
Mato Grosso do Sul,Sudeste/Centro-Oeste,2019,5,770619.14
Minas Gerais,Sudeste/Centro-Oeste,2019,5,4676584.45
Rio de Janeiro,Sudeste/Centro-Oeste,2019,5,3421093.442
Sao Paulo,Sudeste/Centro-Oeste,2019,5,11328758.13
Parana,Sul,2019,5,2711983.634
Rio Grande do Sul,Sul,2019,5,2545540.255
Santa Catarina,Sul,2019,5,2148278.793
Alagoas,Nordeste,2019,6,280361.299
Bahia,Nordeste,2019,6,2083293.733
Ceara,Nordeste,2019,6,984917.511
Maranhao,Nordeste,2019,6,621587.445
Pernambuco,Nordeste,2019,6,1156139.92
Piaui,Nordeste,2019,6,296248.193
Rio Grande do Norte,Nordeste,2019,6,468974.0
Sergipe,Nordeste,2019,6,296988.091
paraiba,Nordeste,2019,6,444183.536
Acre,Norte,2019,6,87913.02861870779
Amapa,Norte,2019,6,86965.71
Amazonas,Norte,2019,6,463469.4121855864
Para,Norte,2019,6,1410522.0343567834
Rondonia,Norte,2019,6,236562.2748389223
Tocantins,Norte,2019,6,206279.556
Distrito Federal,Sudeste/Centro-Oeste,2019,6,517068.0
Espirito Santo,Sudeste/Centro-Oeste,2019,6,840801.29
Goias,Sudeste/Centro-Oeste,2019,6,1337363.47
Mato Grosso do Sul,Sudeste/Centro-Oeste,2019,6,454805.156
Mato Grosso do Sul,Sudeste/Centro-Oeste,2019,6,748311.846
Minas Gerais,Sudeste/Centro-Oeste,2019,6,4562744.329
Rio de Janeiro,Sudeste/Centro-Oeste,2019,6,3059838.28
Sao Paulo,Sudeste/Centro-Oeste,2019,6,10650662.693
Parana,Sul,2019,6,2649566.278
Rio Grande do Sul,Sul,2019,6,2419625.345
Santa Catarina,Sul,2019,6,2018530.144
Alagoas,Nordeste,2019,7,285085.002
Bahia,Nordeste,2019,7,2097965.124
Ceara,Nordeste,2019,7,1009275.631
Maranhao,Nordeste,2019,7,629703.003
Pernambuco,Nordeste,2019,7,1164004.65
Piaui,Nordeste,2019,7,298313.273
Rio Grande do Norte,Nordeste,2019,7,462536.0
Sergipe,Nordeste,2019,7,287907.234
paraiba,Nordeste,2019,7,445114.919
Acre,Norte,2019,7,84482.92526604224
Amapa,Norte,2019,7,91928.0
Amazonas,Norte,2019,7,488241.2980230638
Para,Norte,2019,7,1450754.1229137434
Rondonia,Norte,2019,7,258786.55679715064
Tocantins,Norte,2019,7,207655.231
Distrito Federal,Sudeste/Centro-Oeste,2019,7,488000.0
Espirito Santo,Sudeste/Centro-Oeste,2019,7,795168.96
Goias,Sudeste/Centro-Oeste,2019,7,1340106.932
Mato Grosso do Sul,Sudeste/Centro-Oeste,2019,7,455605.666
Mato Grosso do Sul,Sudeste/Centro-Oeste,2019,7,777470.998
Minas Gerais,Sudeste/Centro-Oeste,2019,7,4599724.464
Rio de Janeiro,Sudeste/Centro-Oeste,2019,7,2964506.212
Sao Paulo,Sudeste/Centro-Oeste,2019,7,10452521.995
Parana,Sul,2019,7,2685273.92
Rio Grande do Sul,Sul,2019,7,2405340.773
Santa Catarina,Sul,2019,7,2020747.278
Alagoas,Nordeste,2019,8,292195.0
Bahia,Nordeste,2019,8,2007274.362
Ceara,Nordeste,2019,8,986338.985
Maranhao,Nordeste,2019,8,645994.231
Pernambuco,Nordeste,2019,8,1129232.26
Piaui,Nordeste,2019,8,303774.123
Rio Grande do Norte,Nordeste,2019,8,467479.0
Sergipe,Nordeste,2019,8,287310.98
paraiba,Nordeste,2019,8,433351.496
Acre,Norte,2019,8,80484.69484008085
Amapa,Norte,2019,8,94156.0
Amazonas,Norte,2019,8,518366.4899766563
Para,Norte,2019,8,1491668.060706847
Rondonia,Norte,2019,8,257382.16347641562
Tocantins,Norte,2019,8,204606.849
Distrito Federal,Sudeste/Centro-Oeste,2019,8,509917.0
Espirito Santo,Sudeste/Centro-Oeste,2019,8,836492.83
Goias,Sudeste/Centro-Oeste,2019,8,1363240.211
Mato Grosso do Sul,Sudeste/Centro-Oeste,2019,8,469432.914
Mato Grosso do Sul,Sudeste/Centro-Oeste,2019,8,795043.882
Minas Gerais,Sudeste/Centro-Oeste,2019,8,4649165.13
Rio de Janeiro,Sudeste/Centro-Oeste,2019,8,2980730.211
Sao Paulo,Sudeste/Centro-Oeste,2019,8,10569881.701
Parana,Sul,2019,8,2661877.485
Rio Grande do Sul,Sul,2019,8,2447569.068
Santa Catarina,Sul,2019,8,2090980.471
Alagoas,Nordeste,2019,9,303691.999
Bahia,Nordeste,2019,9,1996430.604
Ceara,Nordeste,2019,9,1034167.415
Maranhao,Nordeste,2019,9,660274.257
Pernambuco,Nordeste,2019,9,1114402.44
Piaui,Nordeste,2019,9,322073.322
Rio Grande do Norte,Nordeste,2019,9,470227.0
Sergipe,Nordeste,2019,9,295807.409
paraiba,Nordeste,2019,9,443848.419
Acre,Norte,2019,9,92362.39279050713
Amapa,Norte,2019,9,100883.0
Amazonas,Norte,2019,9,490680.3049564356
Para,Norte,2019,9,1495932.478041543
Rondonia,Norte,2019,9,284024.15821151435
Tocantins,Norte,2019,9,225410.842
Distrito Federal,Sudeste/Centro-Oeste,2019,9,530797.0
Espirito Santo,Sudeste/Centro-Oeste,2019,9,853045.24
Goias,Sudeste/Centro-Oeste,2019,9,1462048.04
Mato Grosso do Sul,Sudeste/Centro-Oeste,2019,9,497619.862
Mato Grosso do Sul,Sudeste/Centro-Oeste,2019,9,876336.567
Minas Gerais,Sudeste/Centro-Oeste,2019,9,4648202.209
Rio de Janeiro,Sudeste/Centro-Oeste,2019,9,3010625.856
Sao Paulo,Sudeste/Centro-Oeste,2019,9,10947750.487
Parana,Sul,2019,9,2642202.316
Rio Grande do Sul,Sul,2019,9,2363605.278
Santa Catarina,Sul,2019,9,2055544.017
Alagoas,Nordeste,2019,10,333298.0
Bahia,Nordeste,2019,10,2209881.603
Ceara,Nordeste,2019,10,1053517.333
Maranhao,Nordeste,2019,10,665020.147
Pernambuco,Nordeste,2019,10,1260933.39
Piaui,Nordeste,2019,10,338106.307
Rio Grande do Norte,Nordeste,2019,10,503111.0
Sergipe,Nordeste,2019,10,307271.198
paraiba,Nordeste,2019,10,474596.383
Acre,Norte,2019,10,86539.94390084961
Amapa,Norte,2019,10,98678.0
Amazonas,Norte,2019,10,485013.1925968728
Para,Norte,2019,10,1554719.726650848
Rondonia,Norte,2019,10,261042.93485142954
Tocantins,Norte,2019,10,215075.671
Distrito Federal,Sudeste/Centro-Oeste,2019,10,546755.0
Espirito Santo,Sudeste/Centro-Oeste,2019,10,841266.68
Goias,Sudeste/Centro-Oeste,2019,10,1510877.951
Mato Grosso do Sul,Sudeste/Centro-Oeste,2019,10,529217.302
Mato Grosso do Sul,Sudeste/Centro-Oeste,2019,10,859615.042
Minas Gerais,Sudeste/Centro-Oeste,2019,10,4687748.556
Rio de Janeiro,Sudeste/Centro-Oeste,2019,10,3208159.604
Sao Paulo,Sudeste/Centro-Oeste,2019,10,11611730.061
Parana,Sul,2019,10,2814967.03
Rio Grande do Sul,Sul,2019,10,2419365.565
Santa Catarina,Sul,2019,10,2143027.859
Alagoas,Nordeste,2019,11,352297.0
Bahia,Nordeste,2019,11,2220143.543
Ceara,Nordeste,2019,11,1137739.588
Maranhao,Nordeste,2019,11,677006.47
Pernambuco,Nordeste,2019,11,1265412.35
Piaui,Nordeste,2019,11,348541.537
Rio Grande do Norte,Nordeste,2019,11,507230.0
Sergipe,Nordeste,2019,11,318836.665
paraiba,Nordeste,2019,11,483570.295
Acre,Norte,2019,11,89661.18331763562
Amapa,Norte,2019,11,98549.0
Amazonas,Norte,2019,11,498111.18056554196
Para,Norte,2019,11,1561763.0180566872
Rondonia,Norte,2019,11,255877.8090601354
Tocantins,Norte,2019,11,196255.227
Distrito Federal,Sudeste/Centro-Oeste,2019,11,580425.0
Espirito Santo,Sudeste/Centro-Oeste,2019,11,867730.08
Goias,Sudeste/Centro-Oeste,2019,11,1432740.722
Mato Grosso do Sul,Sudeste/Centro-Oeste,2019,11,553855.89
Mato Grosso do Sul,Sudeste/Centro-Oeste,2019,11,832511.61
Minas Gerais,Sudeste/Centro-Oeste,2019,11,4793789.282
Rio de Janeiro,Sudeste/Centro-Oeste,2019,11,3388997.444
Sao Paulo,Sudeste/Centro-Oeste,2019,11,11734630.259
Parana,Sul,2019,11,2829198.404
Rio Grande do Sul,Sul,2019,11,2511555.475
Santa Catarina,Sul,2019,11,2206721.64
Alagoas,Nordeste,2019,12,369785.999
Bahia,Nordeste,2019,12,2315582.979
Ceara,Nordeste,2019,12,1160739.445
Maranhao,Nordeste,2019,12,693977.537
Pernambuco,Nordeste,2019,12,1334160.06
Piaui,Nordeste,2019,12,335365.023
Rio Grande do Norte,Nordeste,2019,12,512444.0
Sergipe,Nordeste,2019,12,330693.995
paraiba,Nordeste,2019,12,498275.284
Acre,Norte,2019,12,86993.56608910642
Amapa,Norte,2019,12,92991.024
Amazonas,Norte,2019,12,482861.19782171916
Para,Norte,2019,12,1617520.6168015907
Rondonia,Norte,2019,12,266610.12228758377
Tocantins,Norte,2019,12,199305.823
Distrito Federal,Sudeste/Centro-Oeste,2019,12,516891.0
Espirito Santo,Sudeste/Centro-Oeste,2019,12,849231.17
Goias,Sudeste/Centro-Oeste,2019,12,1350280.91
Mato Grosso do Sul,Sudeste/Centro-Oeste,2019,12,534368.052
Mato Grosso do Sul,Sudeste/Centro-Oeste,2019,12,807016.629
Minas Gerais,Sudeste/Centro-Oeste,2019,12,4501611.594
Rio de Janeiro,Sudeste/Centro-Oeste,2019,12,3227017.783
Sao Paulo,Sudeste/Centro-Oeste,2019,12,11148467.574
Parana,Sul,2019,12,2718845.171
Rio Grande do Sul,Sul,2019,12,2624849.116
Santa Catarina,Sul,2019,12,2127307.672
Alagoas,Nordeste,2020,1,362457.871
Bahia,Nordeste,2020,1,2219580.053
Ceara,Nordeste,2020,1,1083880.836
Maranhao,Nordeste,2020,1,602214.113
Pernambuco,Nordeste,2020,1,1223831.401
Piaui,Nordeste,2020,1,306315.1
Rio Grande do Norte,Nordeste,2020,1,511867.0
Sergipe,Nordeste,2020,1,322040.943
paraiba,Nordeste,2020,1,496090.866
Acre,Norte,2020,1,82893.4637316101
Amapa,Norte,2020,1,89893.939
Amazonas,Norte,2020,1,490960.24915980326
Para,Norte,2020,1,1555000.3102579939
Rondonia,Norte,2020,1,244943.5008505927
Tocantins,Norte,2020,1,186041.603
Distrito Federal,Sudeste/Centro-Oeste,2020,1,534565.0
Espirito Santo,Sudeste/Centro-Oeste,2020,1,816331.887
Goias,Sudeste/Centro-Oeste,2020,1,1355105.055
Mato Grosso do Sul,Sudeste/Centro-Oeste,2020,1,525224.65
Mato Grosso do Sul,Sudeste/Centro-Oeste,2020,1,754832.36
Minas Gerais,Sudeste/Centro-Oeste,2020,1,4708762.178
Rio de Janeiro,Sudeste/Centro-Oeste,2020,1,3563646.268
Sao Paulo,Sudeste/Centro-Oeste,2020,1,11068761.601
Parana,Sul,2020,1,2784090.733
Rio Grande do Sul,Sul,2020,1,2838248.176
Santa Catarina,Sul,2020,1,2358135.822
Alagoas,Nordeste,2020,2,345151.169
Bahia,Nordeste,2020,2,2125501.759
Ceara,Nordeste,2020,2,979825.691
Maranhao,Nordeste,2020,2,580290.552
Pernambuco,Nordeste,2020,2,1198410.96
Piaui,Nordeste,2020,2,283533.86
Rio Grande do Norte,Nordeste,2020,2,476077.0
Sergipe,Nordeste,2020,2,326873.87
paraiba,Nordeste,2020,2,495737.642
Acre,Norte,2020,2,89161.5490585133
Amapa,Norte,2020,2,84731.89
Amazonas,Norte,2020,2,488661.56926553557
Para,Norte,2020,2,1479481.5113906881
Rondonia,Norte,2020,2,261028.78628526293
Tocantins,Norte,2020,2,190660.62
Distrito Federal,Sudeste/Centro-Oeste,2020,2,515119.0
Espirito Santo,Sudeste/Centro-Oeste,2020,2,842430.295
Goias,Sudeste/Centro-Oeste,2020,2,1330910.007
Mato Grosso do Sul,Sudeste/Centro-Oeste,2020,2,557531.154
Mato Grosso do Sul,Sudeste/Centro-Oeste,2020,2,797215.265
Minas Gerais,Sudeste/Centro-Oeste,2020,2,4585062.917
Rio de Janeiro,Sudeste/Centro-Oeste,2020,2,3467968.955
Sao Paulo,Sudeste/Centro-Oeste,2020,2,11133137.875
Parana,Sul,2020,2,2876364.352
Rio Grande do Sul,Sul,2020,2,2796166.949
Santa Catarina,Sul,2020,2,2447663.847
Alagoas,Nordeste,2020,3,341002.739
Bahia,Nordeste,2020,3,2174986.149
Ceara,Nordeste,2020,3,973861.192
Maranhao,Nordeste,2020,3,591806.865
Pernambuco,Nordeste,2020,3,1273389.947
Piaui,Nordeste,2020,3,283979.38
Rio Grande do Norte,Nordeste,2020,3,490671.0
Sergipe,Nordeste,2020,3,326673.543
paraiba,Nordeste,2020,3,487189.575
Acre,Norte,2020,3,88003.64559784293
Amapa,Norte,2020,3,85880.019
Amazonas,Norte,2020,3,500304.1388772261
Para,Norte,2020,3,1441559.912379715
Rondonia,Norte,2020,3,249023.12614521605
Tocantins,Norte,2020,3,192092.778
Distrito Federal,Sudeste/Centro-Oeste,2020,3,514340.0
Espirito Santo,Sudeste/Centro-Oeste,2020,3,886188.612
Goias,Sudeste/Centro-Oeste,2020,3,1329392.743
Mato Grosso do Sul,Sudeste/Centro-Oeste,2020,3,570017.215
Mato Grosso do Sul,Sudeste/Centro-Oeste,2020,3,806474.755
Minas Gerais,Sudeste/Centro-Oeste,2020,3,4667379.945
Rio de Janeiro,Sudeste/Centro-Oeste,2020,3,3457625.514
Sao Paulo,Sudeste/Centro-Oeste,2020,3,11209896.399
Parana,Sul,2020,3,2870449.587
Rio Grande do Sul,Sul,2020,3,2811156.004
Santa Catarina,Sul,2020,3,2268806.867
Alagoas,Nordeste,2020,4,304044.136
Bahia,Nordeste,2020,4,1996214.609
Ceara,Nordeste,2020,4,869822.605
Maranhao,Nordeste,2020,4,594251.175
Pernambuco,Nordeste,2020,4,1155340.385
Piaui,Nordeste,2020,4,272757.1
Rio Grande do Norte,Nordeste,2020,4,448785.0
Sergipe,Nordeste,2020,4,283494.479
paraiba,Nordeste,2020,4,441137.407
Acre,Norte,2020,4,79867.14056130762
Amapa,Norte,2020,4,81658.667
Amazonas,Norte,2020,4,396144.66753135866
Para,Norte,2020,4,1397544.442312601
Rondonia,Norte,2020,4,239873.9785947329
Tocantins,Norte,2020,4,191242.732
Distrito Federal,Sudeste/Centro-Oeste,2020,4,506490.0
Espirito Santo,Sudeste/Centro-Oeste,2020,4,772442.561
Goias,Sudeste/Centro-Oeste,2020,4,1326115.378
Mato Grosso do Sul,Sudeste/Centro-Oeste,2020,4,523702.587
Mato Grosso do Sul,Sudeste/Centro-Oeste,2020,4,768116.142
Minas Gerais,Sudeste/Centro-Oeste,2020,4,4332063.295
Rio de Janeiro,Sudeste/Centro-Oeste,2020,4,2910749.204
Sao Paulo,Sudeste/Centro-Oeste,2020,4,10049424.769
Parana,Sul,2020,4,2588179.731
Rio Grande do Sul,Sul,2020,4,2452791.46
Santa Catarina,Sul,2020,4,2040335.212
Alagoas,Nordeste,2020,5,297142.606
Bahia,Nordeste,2020,5,1964442.649
Ceara,Nordeste,2020,5,897218.72
Maranhao,Nordeste,2020,5,606835.059
Pernambuco,Nordeste,2020,5,1146723.492
Piaui,Nordeste,2020,5,278661.04
Rio Grande do Norte,Nordeste,2020,5,440327.0
Sergipe,Nordeste,2020,5,295797.015
paraiba,Nordeste,2020,5,441060.808
Acre,Norte,2020,5,75692.68604517686
Amapa,Norte,2020,5,82043.639
Amazonas,Norte,2020,5,412685.5110834575
Para,Norte,2020,5,1417098.5039405148
Rondonia,Norte,2020,5,243780.41093085104
Tocantins,Norte,2020,5,199240.049
Distrito Federal,Sudeste/Centro-Oeste,2020,5,490996.0
Espirito Santo,Sudeste/Centro-Oeste,2020,5,766204.708
Goias,Sudeste/Centro-Oeste,2020,5,1320232.223
Mato Grosso do Sul,Sudeste/Centro-Oeste,2020,5,482955.28
Mato Grosso do Sul,Sudeste/Centro-Oeste,2020,5,764911.289
Minas Gerais,Sudeste/Centro-Oeste,2020,5,4348680.285
Rio de Janeiro,Sudeste/Centro-Oeste,2020,5,2811955.123
Sao Paulo,Sudeste/Centro-Oeste,2020,5,9451274.904
Parana,Sul,2020,5,2538500.05
Rio Grande do Sul,Sul,2020,5,2211861.721
Santa Catarina,Sul,2020,5,1921807.345
Alagoas,Nordeste,2020,6,298214.8
Bahia,Nordeste,2020,6,1934263.646
Ceara,Nordeste,2020,6,935824.273
Maranhao,Nordeste,2020,6,638881.451
Pernambuco,Nordeste,2020,6,1066854.213
Piaui,Nordeste,2020,6,284694.28
Rio Grande do Norte,Nordeste,2020,6,424875.0
Sergipe,Nordeste,2020,6,274455.738
paraiba,Nordeste,2020,6,389368.316
Acre,Norte,2020,6,75236.88007948994
Amapa,Norte,2020,6,84217.061
Amazonas,Norte,2020,6,455271.60394264717
Para,Norte,2020,6,1434484.319260526
Rondonia,Norte,2020,6,230553.5587173368
Tocantins,Norte,2020,6,202434.605
Distrito Federal,Sudeste/Centro-Oeste,2020,6,465894.0
Espirito Santo,Sudeste/Centro-Oeste,2020,6,755058.765
Goias,Sudeste/Centro-Oeste,2020,6,1310548.021
Mato Grosso do Sul,Sudeste/Centro-Oeste,2020,6,442767.277
Mato Grosso do Sul,Sudeste/Centro-Oeste,2020,6,724104.128
Minas Gerais,Sudeste/Centro-Oeste,2020,6,4265841.456
Rio de Janeiro,Sudeste/Centro-Oeste,2020,6,2739827.395
Sao Paulo,Sudeste/Centro-Oeste,2020,6,9555173.522
Parana,Sul,2020,6,2494406.302
Rio Grande do Sul,Sul,2020,6,2136854.839
Santa Catarina,Sul,2020,6,1935097.46
Alagoas,Nordeste,2020,7,298007.36
Bahia,Nordeste,2020,7,2052526.439
Ceara,Nordeste,2020,7,969613.726
Maranhao,Nordeste,2020,7,650860.885
Pernambuco,Nordeste,2020,7,1133297.397
Piaui,Nordeste,2020,7,296327.12
Rio Grande do Norte,Nordeste,2020,7,442741.0
Sergipe,Nordeste,2020,7,272708.092
paraiba,Nordeste,2020,7,429710.976
Acre,Norte,2020,7,76013.27414172544
Amapa,Norte,2020,7,84584.789
Amazonas,Norte,2020,7,505229.5290489691
Para,Norte,2020,7,1530385.614764327
Rondonia,Norte,2020,7,254150.0100449785
Tocantins,Norte,2020,7,208110.986
Distrito Federal,Sudeste/Centro-Oeste,2020,7,480029.0
Espirito Santo,Sudeste/Centro-Oeste,2020,7,787970.898
Goias,Sudeste/Centro-Oeste,2020,7,1336592.724
Mato Grosso do Sul,Sudeste/Centro-Oeste,2020,7,463641.481
Mato Grosso do Sul,Sudeste/Centro-Oeste,2020,7,798764.883
Minas Gerais,Sudeste/Centro-Oeste,2020,7,4541210.706
Rio de Janeiro,Sudeste/Centro-Oeste,2020,7,2845924.931
Sao Paulo,Sudeste/Centro-Oeste,2020,7,10206009.289
Parana,Sul,2020,7,2587338.903
Rio Grande do Sul,Sul,2020,7,2319296.164
Santa Catarina,Sul,2020,7,2072794.222
Alagoas,Nordeste,2020,8,290565.72
Bahia,Nordeste,2020,8,1953326.62
Ceara,Nordeste,2020,8,1017914.578
Maranhao,Nordeste,2020,8,660576.532
Pernambuco,Nordeste,2020,8,1134346.543
Piaui,Nordeste,2020,8,300642.86
Rio Grande do Norte,Nordeste,2020,8,458019.0
Sergipe,Nordeste,2020,8,282656.974
paraiba,Nordeste,2020,8,441804.077
Acre,Norte,2020,8,86563.11338776704
Amapa,Norte,2020,8,85797.439
Amazonas,Norte,2020,8,519956.59615067416
Para,Norte,2020,8,1619153.1825767923
Rondonia,Norte,2020,8,271078.4198847664
Tocantins,Norte,2020,8,204579.533
Distrito Federal,Sudeste/Centro-Oeste,2020,8,513624.0
Espirito Santo,Sudeste/Centro-Oeste,2020,8,812456.33
Goias,Sudeste/Centro-Oeste,2020,8,1420967.875
Mato Grosso do Sul,Sudeste/Centro-Oeste,2020,8,510784.13
Mato Grosso do Sul,Sudeste/Centro-Oeste,2020,8,800466.25
Minas Gerais,Sudeste/Centro-Oeste,2020,8,4832243.732
Rio de Janeiro,Sudeste/Centro-Oeste,2020,8,2960415.586
Sao Paulo,Sudeste/Centro-Oeste,2020,8,10719591.46
Parana,Sul,2020,8,2652280.532
Rio Grande do Sul,Sul,2020,8,2362432.596
Santa Catarina,Sul,2020,8,2095289.43
Alagoas,Nordeste,2020,9,306276.584
Bahia,Nordeste,2020,9,2077032.203
Ceara,Nordeste,2020,9,1052712.747
Maranhao,Nordeste,2020,9,677302.339
Pernambuco,Nordeste,2020,9,1160147.093
Piaui,Nordeste,2020,9,325854.32
Rio Grande do Norte,Nordeste,2020,9,485122.0
Sergipe,Nordeste,2020,9,296041.083
paraiba,Nordeste,2020,9,459409.979
Acre,Norte,2020,9,94557.83917855776
Amapa,Norte,2020,9,82885.99
Amazonas,Norte,2020,9,524995.23498784
Para,Norte,2020,9,1603090.0517275536
Rondonia,Norte,2020,9,291431.27910604863
Tocantins,Norte,2020,9,223879.333
Distrito Federal,Sudeste/Centro-Oeste,2020,9,520167.0
Espirito Santo,Sudeste/Centro-Oeste,2020,9,864449.347
Goias,Sudeste/Centro-Oeste,2020,9,1463864.622
Mato Grosso do Sul,Sudeste/Centro-Oeste,2020,9,538895.5
Mato Grosso do Sul,Sudeste/Centro-Oeste,2020,9,866830.569
Minas Gerais,Sudeste/Centro-Oeste,2020,9,4701369.957
Rio de Janeiro,Sudeste/Centro-Oeste,2020,9,3112446.753
Sao Paulo,Sudeste/Centro-Oeste,2020,9,11106811.21
Parana,Sul,2020,9,2742617.102
Rio Grande do Sul,Sul,2020,9,2316033.0
Santa Catarina,Sul,2020,9,2204852.252
Alagoas,Nordeste,2020,10,332391.953
Bahia,Nordeste,2020,10,2250669.493
Ceara,Nordeste,2020,10,1142008.413
Maranhao,Nordeste,2020,10,726073.265
Pernambuco,Nordeste,2020,10,1243890.027
Piaui,Nordeste,2020,10,357002.57
Rio Grande do Norte,Nordeste,2020,10,502056.0
Sergipe,Nordeste,2020,10,314489.65
paraiba,Nordeste,2020,10,493956.638
Acre,Norte,2020,10,94032.89015246432
Amapa,Norte,2020,10,88241.945
Amazonas,Norte,2020,10,523772.39932196855
Para,Norte,2020,10,1653692.4321014907
Rondonia,Norte,2020,10,296212.0204240764
Tocantins,Norte,2020,10,232692.977
Distrito Federal,Sudeste/Centro-Oeste,2020,10,565608.0
Espirito Santo,Sudeste/Centro-Oeste,2020,10,852071.511
Goias,Sudeste/Centro-Oeste,2020,10,1569814.466
Mato Grosso do Sul,Sudeste/Centro-Oeste,2020,10,566296.245
Mato Grosso do Sul,Sudeste/Centro-Oeste,2020,10,947157.693
Minas Gerais,Sudeste/Centro-Oeste,2020,10,5240759.297
Rio de Janeiro,Sudeste/Centro-Oeste,2020,10,3393962.613
Sao Paulo,Sudeste/Centro-Oeste,2020,10,11737612.805
Parana,Sul,2020,10,2906000.347
Rio Grande do Sul,Sul,2020,10,2329965.805
Santa Catarina,Sul,2020,10,2254611.702
Alagoas,Nordeste,2020,11,377389.415
Bahia,Nordeste,2020,11,1995955.405
Ceara,Nordeste,2020,11,1091471.337
Maranhao,Nordeste,2020,11,699673.539
Pernambuco,Nordeste,2020,11,1213289.582
Piaui,Nordeste,2020,11,352938.58
Rio Grande do Norte,Nordeste,2020,11,482090.0
Sergipe,Nordeste,2020,11,319713.512
paraiba,Nordeste,2020,11,512327.186
Acre,Norte,2020,11,93612.83718087977
Amapa,Norte,2020,11,83376.008
Amazonas,Norte,2020,11,501190.7629729226
Para,Norte,2020,11,1580268.4173927167
Rondonia,Norte,2020,11,276739.40745348093
Tocantins,Norte,2020,11,206750.139
Distrito Federal,Sudeste/Centro-Oeste,2020,11,544432.0
Espirito Santo,Sudeste/Centro-Oeste,2020,11,846478.391
Goias,Sudeste/Centro-Oeste,2020,11,1441493.341
Mato Grosso do Sul,Sudeste/Centro-Oeste,2020,11,525311.623
Mato Grosso do Sul,Sudeste/Centro-Oeste,2020,11,904893.089
Minas Gerais,Sudeste/Centro-Oeste,2020,11,4857917.999
Rio de Janeiro,Sudeste/Centro-Oeste,2020,11,3254219.37
Sao Paulo,Sudeste/Centro-Oeste,2020,11,11418747.303
Parana,Sul,2020,11,2880128.734
Rio Grande do Sul,Sul,2020,11,2424696.95
Santa Catarina,Sul,2020,11,2274424.046
Alagoas,Nordeste,2020,12,377681.795
Bahia,Nordeste,2020,12,2071142.248
Ceara,Nordeste,2020,12,1112178.015
Maranhao,Nordeste,2020,12,688992.999
Pernambuco,Nordeste,2020,12,1203361.0
Piaui,Nordeste,2020,12,356743.66
Rio Grande do Norte,Nordeste,2020,12,475494.0
Sergipe,Nordeste,2020,12,327218.763
paraiba,Nordeste,2020,12,510081.987
Acre,Norte,2020,12,93214.35405890385
Amapa,Norte,2020,12,85506.561
Amazonas,Norte,2020,12,474476.04105056217
Para,Norte,2020,12,1555046.8953546823
Rondonia,Norte,2020,12,302399.2625358515
Tocantins,Norte,2020,12,215475.789
Distrito Federal,Sudeste/Centro-Oeste,2020,12,518259.0
Espirito Santo,Sudeste/Centro-Oeste,2020,12,911064.599
Goias,Sudeste/Centro-Oeste,2020,12,1463339.821
Mato Grosso do Sul,Sudeste/Centro-Oeste,2020,12,563670.671
Mato Grosso do Sul,Sudeste/Centro-Oeste,2020,12,866205.778
Minas Gerais,Sudeste/Centro-Oeste,2020,12,4694334.777
Rio de Janeiro,Sudeste/Centro-Oeste,2020,12,3599914.976
Sao Paulo,Sudeste/Centro-Oeste,2020,12,11602166.233
Parana,Sul,2020,12,2946794.243
Rio Grande do Sul,Sul,2020,12,2562841.933
Santa Catarina,Sul,2020,12,2333256.581
Alagoas,Nordeste,2021,1,368713.592
Bahia,Nordeste,2021,1,2307961.995
Ceara,Nordeste,2021,1,1097673.545
Maranhao,Nordeste,2021,1,641048.519
Pernambuco,Nordeste,2021,1,1317539.0
Piaui,Nordeste,2021,1,325941.514
Rio Grande do Norte,Nordeste,2021,1,535677.0
Sergipe,Nordeste,2021,1,326570.203
paraiba,Nordeste,2021,1,507812.386
Acre,Norte,2021,1,87376.30614319466
Amapa,Norte,2021,1,90981.81
Amazonas,Norte,2021,1,431458.5720611181
Para,Norte,2021,1,1600329.885693561
Rondonia,Norte,2021,1,236081.24410212637
Tocantins,Norte,2021,1,192072.926
Distrito Federal,Sudeste/Centro-Oeste,2021,1,522106.0
Espirito Santo,Sudeste/Centro-Oeste,2021,1,937186.742
Goias,Sudeste/Centro-Oeste,2021,1,1350597.493
Mato Grosso do Sul,Sudeste/Centro-Oeste,2021,1,557996.763
Mato Grosso do Sul,Sudeste/Centro-Oeste,2021,1,749462.527
Minas Gerais,Sudeste/Centro-Oeste,2021,1,5109304.181
Rio de Janeiro,Sudeste/Centro-Oeste,2021,1,3511320.55
Sao Paulo,Sudeste/Centro-Oeste,2021,1,11939883.067
Parana,Sul,2021,1,2954564.64
Rio Grande do Sul,Sul,2021,1,2814697.539
Santa Catarina,Sul,2021,1,2328407.765
Alagoas,Nordeste,2021,2,369229.784
Bahia,Nordeste,2021,2,2174669.858
Ceara,Nordeste,2021,2,1049140.357
Maranhao,Nordeste,2021,2,612298.98
Pernambuco,Nordeste,2021,2,1240774.149
Piaui,Nordeste,2021,2,292132.502
Rio Grande do Norte,Nordeste,2021,2,507088.0
Sergipe,Nordeste,2021,2,314869.413
paraiba,Nordeste,2021,2,492508.891
Acre,Norte,2021,2,80909.73941737837
Amapa,Norte,2021,2,98958.467
Amazonas,Norte,2021,2,402272.56413964176
Para,Norte,2021,2,1516449.663401816
Rondonia,Norte,2021,2,236668.22504116385
Tocantins,Norte,2021,2,194402.755
Distrito Federal,Sudeste/Centro-Oeste,2021,2,510621.0
Espirito Santo,Sudeste/Centro-Oeste,2021,2,863494.499
Goias,Sudeste/Centro-Oeste,2021,2,1347748.805
Mato Grosso do Sul,Sudeste/Centro-Oeste,2021,2,517316.414
Mato Grosso do Sul,Sudeste/Centro-Oeste,2021,2,791542.081
Minas Gerais,Sudeste/Centro-Oeste,2021,2,4734986.802
Rio de Janeiro,Sudeste/Centro-Oeste,2021,2,3452740.137
Sao Paulo,Sudeste/Centro-Oeste,2021,2,11486391.821
Parana,Sul,2021,2,2844204.387
Rio Grande do Sul,Sul,2021,2,2738598.27
Santa Catarina,Sul,2021,2,2389289.68
Alagoas,Nordeste,2021,3,421049.991
Bahia,Nordeste,2021,3,2222090.397
Ceara,Nordeste,2021,3,1024444.968
Maranhao,Nordeste,2021,3,614322.344
Pernambuco,Nordeste,2021,3,1310438.592
Piaui,Nordeste,2021,3,300388.458
Rio Grande do Norte,Nordeste,2021,3,510391.0
Sergipe,Nordeste,2021,3,344441.285
paraiba,Nordeste,2021,3,504484.398
Acre,Norte,2021,3,79715.90107321179
Amapa,Norte,2021,3,92710.136
Amazonas,Norte,2021,3,452134.6545505483
Para,Norte,2021,3,1620529.3535151249
Rondonia,Norte,2021,3,235914.97786111495
Tocantins,Norte,2021,3,183872.773
Distrito Federal,Sudeste/Centro-Oeste,2021,3,512901.0
Espirito Santo,Sudeste/Centro-Oeste,2021,3,899993.31
Goias,Sudeste/Centro-Oeste,2021,3,1368508.965
Mato Grosso do Sul,Sudeste/Centro-Oeste,2021,3,563738.133
Mato Grosso do Sul,Sudeste/Centro-Oeste,2021,3,827515.738
Minas Gerais,Sudeste/Centro-Oeste,2021,3,5061234.305
Rio de Janeiro,Sudeste/Centro-Oeste,2021,3,3583540.277
Sao Paulo,Sudeste/Centro-Oeste,2021,3,12444223.249
Parana,Sul,2021,3,3026015.211
Rio Grande do Sul,Sul,2021,3,2699319.037
Santa Catarina,Sul,2021,3,2532555.655
Alagoas,Nordeste,2021,4,383050.032
Bahia,Nordeste,2021,4,2229399.706
Ceara,Nordeste,2021,4,1045751.77
Maranhao,Nordeste,2021,4,623698.098
Pernambuco,Nordeste,2021,4,1296626.145
Piaui,Nordeste,2021,4,307187.163
Rio Grande do Norte,Nordeste,2021,4,502849.0
Sergipe,Nordeste,2021,4,335156.873
paraiba,Nordeste,2021,4,491720.013
Acre,Norte,2021,4,80984.8071990687
Amapa,Norte,2021,4,97988.239
Amazonas,Norte,2021,4,469222.91812830785
Para,Norte,2021,4,1621210.1888566695
Rondonia,Norte,2021,4,258108.6658159541
Tocantins,Norte,2021,4,212713.29
Distrito Federal,Sudeste/Centro-Oeste,2021,4,538323.0
Espirito Santo,Sudeste/Centro-Oeste,2021,4,865260.871
Goias,Sudeste/Centro-Oeste,2021,4,1409628.894
Mato Grosso do Sul,Sudeste/Centro-Oeste,2021,4,575987.973
Mato Grosso do Sul,Sudeste/Centro-Oeste,2021,4,758897.101
Minas Gerais,Sudeste/Centro-Oeste,2021,4,5087759.785
Rio de Janeiro,Sudeste/Centro-Oeste,2021,4,3405541.82
Sao Paulo,Sudeste/Centro-Oeste,2021,4,11704462.807
Parana,Sul,2021,4,2963862.65
Rio Grande do Sul,Sul,2021,4,2691904.966
Santa Catarina,Sul,2021,4,2454124.316
Alagoas,Nordeste,2021,5,393905.771
Bahia,Nordeste,2021,5,2116260.585
Ceara,Nordeste,2021,5,1039072.46
Maranhao,Nordeste,2021,5,634273.86
Pernambuco,Nordeste,2021,5,1223606.23
Piaui,Nordeste,2021,5,320128.795
Rio Grande do Norte,Nordeste,2021,5,465583.0
Sergipe,Nordeste,2021,5,319752.922
paraiba,Nordeste,2021,5,471318.341
Acre,Norte,2021,5,77496.34175330114
Amapa,Norte,2021,5,91576.358
Amazonas,Norte,2021,5,485078.1256560659
Para,Norte,2021,5,1688529.410876732
Rondonia,Norte,2021,5,259598.33471390084
Tocantins,Norte,2021,5,212446.726
Distrito Federal,Sudeste/Centro-Oeste,2021,5,518947.0
Espirito Santo,Sudeste/Centro-Oeste,2021,5,871202.463
Goias,Sudeste/Centro-Oeste,2021,5,1417275.785
Mato Grosso do Sul,Sudeste/Centro-Oeste,2021,5,510356.652
Mato Grosso do Sul,Sudeste/Centro-Oeste,2021,5,771687.258
Minas Gerais,Sudeste/Centro-Oeste,2021,5,5026528.031
Rio de Janeiro,Sudeste/Centro-Oeste,2021,5,3106661.262
Sao Paulo,Sudeste/Centro-Oeste,2021,5,10958863.831
Parana,Sul,2021,5,2814562.698
Rio Grande do Sul,Sul,2021,5,2516268.59
Santa Catarina,Sul,2021,5,2249071.06
Alagoas,Nordeste,2021,6,344729.721
Bahia,Nordeste,2021,6,2133412.828
Ceara,Nordeste,2021,6,1088225.292
Maranhao,Nordeste,2021,6,660356.257
Pernambuco,Nordeste,2021,6,1202780.122
Piaui,Nordeste,2021,6,332988.14
Rio Grande do Norte,Nordeste,2021,6,484080.0
Sergipe,Nordeste,2021,6,302275.612
paraiba,Nordeste,2021,6,456773.698
Acre,Norte,2021,6,86764.785288228
Amapa,Norte,2021,6,96475.842
Amazonas,Norte,2021,6,499116.9994428836
Para,Norte,2021,6,1664743.8640484842
Rondonia,Norte,2021,6,261149.47322040395
Tocantins,Norte,2021,6,220840.667
Distrito Federal,Sudeste/Centro-Oeste,2021,6,534134.0
Espirito Santo,Sudeste/Centro-Oeste,2021,6,884022.722
Goias,Sudeste/Centro-Oeste,2021,6,1474551.601
Mato Grosso do Sul,Sudeste/Centro-Oeste,2021,6,488698.941
Mato Grosso do Sul,Sudeste/Centro-Oeste,2021,6,805581.202
Minas Gerais,Sudeste/Centro-Oeste,2021,6,4994938.805
Rio de Janeiro,Sudeste/Centro-Oeste,2021,6,2974093.323
Sao Paulo,Sudeste/Centro-Oeste,2021,6,10898785.909
Parana,Sul,2021,6,2734025.821
Rio Grande do Sul,Sul,2021,6,2382672.167
Santa Catarina,Sul,2021,6,2213764.719
Alagoas,Nordeste,2021,7,342253.323
Bahia,Nordeste,2021,7,2131956.08
Ceara,Nordeste,2021,7,1047335.818
Maranhao,Nordeste,2021,7,695640.923
Pernambuco,Nordeste,2021,7,1185446.129
Piaui,Nordeste,2021,7,333393.801
Rio Grande do Norte,Nordeste,2021,7,486327.0
Sergipe,Nordeste,2021,7,311283.869
paraiba,Nordeste,2021,7,471037.233
Acre,Norte,2021,7,75869.30604137499
Amapa,Norte,2021,7,94738.142
Amazonas,Norte,2021,7,501660.0672509237
Para,Norte,2021,7,1677712.6892333745
Rondonia,Norte,2021,7,254531.05647432661
Tocantins,Norte,2021,7,217246.291
Distrito Federal,Sudeste/Centro-Oeste,2021,7,501521.0
Espirito Santo,Sudeste/Centro-Oeste,2021,7,869763.19
Goias,Sudeste/Centro-Oeste,2021,7,1411195.869
Mato Grosso do Sul,Sudeste/Centro-Oeste,2021,7,467458.935
Mato Grosso do Sul,Sudeste/Centro-Oeste,2021,7,775535.508
Minas Gerais,Sudeste/Centro-Oeste,2021,7,4985129.621
Rio de Janeiro,Sudeste/Centro-Oeste,2021,7,2844570.055
Sao Paulo,Sudeste/Centro-Oeste,2021,7,10828769.162
Parana,Sul,2021,7,2761628.365
Rio Grande do Sul,Sul,2021,7,2428787.98
Santa Catarina,Sul,2021,7,2281866.941
Alagoas,Nordeste,2021,8,370052.877
Bahia,Nordeste,2021,8,2107448.231
Ceara,Nordeste,2021,8,1104300.756
Maranhao,Nordeste,2021,8,710540.337
Pernambuco,Nordeste,2021,8,1214305.018
Piaui,Nordeste,2021,8,340995.008
Rio Grande do Norte,Nordeste,2021,8,489419.0
Sergipe,Nordeste,2021,8,309553.364
paraiba,Nordeste,2021,8,473641.373
Acre,Norte,2021,8,86010.42139457408
Amapa,Norte,2021,8,104959.122
Amazonas,Norte,2021,8,540887.6555591617
Para,Norte,2021,8,1690144.1765713277
Rondonia,Norte,2021,8,278749.2524749365
Tocantins,Norte,2021,8,220621.03
Distrito Federal,Sudeste/Centro-Oeste,2021,8,531618.0
Espirito Santo,Sudeste/Centro-Oeste,2021,8,853937.881
Goias,Sudeste/Centro-Oeste,2021,8,1392051.07
Mato Grosso do Sul,Sudeste/Centro-Oeste,2021,8,483552.572
Mato Grosso do Sul,Sudeste/Centro-Oeste,2021,8,827059.071
Minas Gerais,Sudeste/Centro-Oeste,2021,8,5107975.717
Rio de Janeiro,Sudeste/Centro-Oeste,2021,8,2916071.945
Sao Paulo,Sudeste/Centro-Oeste,2021,8,10922857.82
Parana,Sul,2021,8,2844409.017
Rio Grande do Sul,Sul,2021,8,2454518.628
Santa Catarina,Sul,2021,8,2308017.238
Alagoas,Nordeste,2021,9,392569.566
Bahia,Nordeste,2021,9,2078646.295
Ceara,Nordeste,2021,9,1124507.851
Maranhao,Nordeste,2021,9,737062.766
Pernambuco,Nordeste,2021,9,1215559.531
Piaui,Nordeste,2021,9,361856.094
Rio Grande do Norte,Nordeste,2021,9,498197.0
Sergipe,Nordeste,2021,9,315015.777
paraiba,Nordeste,2021,9,477189.224
Acre,Norte,2021,9,96948.25618766925
Amapa,Norte,2021,9,105012.772
Amazonas,Norte,2021,9,543440.4914721515
Para,Norte,2021,9,1661569.2364419329
Rondonia,Norte,2021,9,290192.9658982462
Tocantins,Norte,2021,9,229839.401
Distrito Federal,Sudeste/Centro-Oeste,2021,9,563586.0
Espirito Santo,Sudeste/Centro-Oeste,2021,9,888786.878
Goias,Sudeste/Centro-Oeste,2021,9,1547367.238
Mato Grosso do Sul,Sudeste/Centro-Oeste,2021,9,542711.03
Mato Grosso do Sul,Sudeste/Centro-Oeste,2021,9,912263.806
Minas Gerais,Sudeste/Centro-Oeste,2021,9,5120934.38
Rio de Janeiro,Sudeste/Centro-Oeste,2021,9,3106544.249
Sao Paulo,Sudeste/Centro-Oeste,2021,9,11552699.3
Parana,Sul,2021,9,2817033.957
Rio Grande do Sul,Sul,2021,9,2272740.167
Santa Catarina,Sul,2021,9,2259320.139
Alagoas,Nordeste,2021,10,391255.511
Bahia,Nordeste,2021,10,2263469.962
Ceara,Nordeste,2021,10,1144290.734
Maranhao,Nordeste,2021,10,747444.839
Pernambuco,Nordeste,2021,10,1317791.705
Piaui,Nordeste,2021,10,355231.066
Rio Grande do Norte,Nordeste,2021,10,506332.0
Sergipe,Nordeste,2021,10,324440.075
paraiba,Nordeste,2021,10,500605.357
Acre,Norte,2021,10,99848.31149491851
Amapa,Norte,2021,10,104087.781
Amazonas,Norte,2021,10,542406.4166724002
Para,Norte,2021,10,1689879.1811021287
Rondonia,Norte,2021,10,294071.32873055263
Tocantins,Norte,2021,10,225903.328
Distrito Federal,Sudeste/Centro-Oeste,2021,10,568608.0
Espirito Santo,Sudeste/Centro-Oeste,2021,10,935817.596
Goias,Sudeste/Centro-Oeste,2021,10,1588550.986
Mato Grosso do Sul,Sudeste/Centro-Oeste,2021,10,543038.09
Mato Grosso do Sul,Sudeste/Centro-Oeste,2021,10,905861.191
Minas Gerais,Sudeste/Centro-Oeste,2021,10,5202373.755
Rio de Janeiro,Sudeste/Centro-Oeste,2021,10,3077992.175
Sao Paulo,Sudeste/Centro-Oeste,2021,10,11581096.372
Parana,Sul,2021,10,2894959.463
Rio Grande do Sul,Sul,2021,10,2302179.794
Santa Catarina,Sul,2021,10,2256284.867
Alagoas,Nordeste,2021,11,389946.042
Bahia,Nordeste,2021,11,2215322.773
Ceara,Nordeste,2021,11,1147996.233
Maranhao,Nordeste,2021,11,732898.132
Pernambuco,Nordeste,2021,11,1316856.526
Piaui,Nordeste,2021,11,342779.813
Rio Grande do Norte,Nordeste,2021,11,519893.0
Sergipe,Nordeste,2021,11,324245.739
paraiba,Nordeste,2021,11,503351.759
Acre,Norte,2021,11,89404.76247318283
Amapa,Norte,2021,11,105587.201
Amazonas,Norte,2021,11,538135.1373539268
Para,Norte,2021,11,1702642.276745847
Rondonia,Norte,2021,11,276002.3454270435
Tocantins,Norte,2021,11,210314.449
Distrito Federal,Sudeste/Centro-Oeste,2021,11,544758.0
Espirito Santo,Sudeste/Centro-Oeste,2021,11,854372.867
Goias,Sudeste/Centro-Oeste,2021,11,1472422.709
Mato Grosso do Sul,Sudeste/Centro-Oeste,2021,11,531198.229
Mato Grosso do Sul,Sudeste/Centro-Oeste,2021,11,823229.693
Minas Gerais,Sudeste/Centro-Oeste,2021,11,4998163.96
Rio de Janeiro,Sudeste/Centro-Oeste,2021,11,3061525.595
Sao Paulo,Sudeste/Centro-Oeste,2021,11,11322958.187
Parana,Sul,2021,11,2882110.141
Rio Grande do Sul,Sul,2021,11,2424207.02
Santa Catarina,Sul,2021,11,2300041.241
Alagoas,Nordeste,2021,12,450239.63
Bahia,Nordeste,2021,12,2217221.029
Ceara,Nordeste,2021,12,1192039.83
Maranhao,Nordeste,2021,12,737343.065
Pernambuco,Nordeste,2021,12,1370287.454
Piaui,Nordeste,2021,12,348499.65
Rio Grande do Norte,Nordeste,2021,12,532188.0
Sergipe,Nordeste,2021,12,346052.833
paraiba,Nordeste,2021,12,530933.336
Acre,Norte,2021,12,89074.06280266999
Amapa,Norte,2021,12,92729.826
Amazonas,Norte,2021,12,507455.2414760282
Para,Norte,2021,12,1754275.7632990114
Rondonia,Norte,2021,12,279867.33242229046
Tocantins,Norte,2021,12,204081.923
Distrito Federal,Sudeste/Centro-Oeste,2021,12,559551.0
Espirito Santo,Sudeste/Centro-Oeste,2021,12,862080.207
Goias,Sudeste/Centro-Oeste,2021,12,1481524.644
Mato Grosso do Sul,Sudeste/Centro-Oeste,2021,12,559317.812
Mato Grosso do Sul,Sudeste/Centro-Oeste,2021,12,821405.423
Minas Gerais,Sudeste/Centro-Oeste,2021,12,4950735.49
Rio de Janeiro,Sudeste/Centro-Oeste,2021,12,3215596.419
Sao Paulo,Sudeste/Centro-Oeste,2021,12,11694461.406
Parana,Sul,2021,12,2981306.177
Rio Grande do Sul,Sul,2021,12,2588499.689
Santa Catarina,Sul,2021,12,2324238.935
Alagoas,Nordeste,2022,1,429185.264
Bahia,Nordeste,2022,1,2132622.697
Ceara,Nordeste,2022,1,1093173.541
Maranhao,Nordeste,2022,1,659935.12
Pernambuco,Nordeste,2022,1,1302832.853
Piaui,Nordeste,2022,1,309775.147
Rio Grande do Norte,Nordeste,2022,1,526707.0
Sergipe,Nordeste,2022,1,327519.17
paraiba,Nordeste,2022,1,495134.839
Acre,Norte,2022,1,89607.6350643849
Amapa,Norte,2022,1,83850.692
Amazonas,Norte,2022,1,496664.9745612014
Para,Norte,2022,1,1671816.0382720022
Rondonia,Norte,2022,1,268407.4381024115
Tocantins,Norte,2022,1,187384.832
Distrito Federal,Sudeste/Centro-Oeste,2022,1,524170.0
Espirito Santo,Sudeste/Centro-Oeste,2022,1,875956.757
Goias,Sudeste/Centro-Oeste,2022,1,1385566.54
Mato Grosso do Sul,Sudeste/Centro-Oeste,2022,1,573378.749
Mato Grosso do Sul,Sudeste/Centro-Oeste,2022,1,771028.146
Minas Gerais,Sudeste/Centro-Oeste,2022,1,4942128.025
Rio de Janeiro,Sudeste/Centro-Oeste,2022,1,3300621.568
Sao Paulo,Sudeste/Centro-Oeste,2022,1,11408096.504
Parana,Sul,2022,1,3068447.322
Rio Grande do Sul,Sul,2022,1,2892228.476
Santa Catarina,Sul,2022,1,2535039.422
Alagoas,Nordeste,2022,2,434749.52
Bahia,Nordeste,2022,2,2085483.075
Ceara,Nordeste,2022,2,1029968.441
Maranhao,Nordeste,2022,2,614653.101
Pernambuco,Nordeste,2022,2,1282724.041
Piaui,Nordeste,2022,2,291532.426
Rio Grande do Norte,Nordeste,2022,2,474452.0
Sergipe,Nordeste,2022,2,329924.439
paraiba,Nordeste,2022,2,463191.169
Acre,Norte,2022,2,82833.68582927932
Amapa,Norte,2022,2,73298.755
Amazonas,Norte,2022,2,475579.6970886431
Para,Norte,2022,2,1483828.7321945766
Rondonia,Norte,2022,2,244636.89588750084
Tocantins,Norte,2022,2,185623.529
Distrito Federal,Sudeste/Centro-Oeste,2022,2,512836.0
Espirito Santo,Sudeste/Centro-Oeste,2022,2,889724.886
Goias,Sudeste/Centro-Oeste,2022,2,1388130.274
Mato Grosso do Sul,Sudeste/Centro-Oeste,2022,2,555793.654
Mato Grosso do Sul,Sudeste/Centro-Oeste,2022,2,754479.579
Minas Gerais,Sudeste/Centro-Oeste,2022,2,4680352.99
Rio de Janeiro,Sudeste/Centro-Oeste,2022,2,3409115.573
Sao Paulo,Sudeste/Centro-Oeste,2022,2,11347218.769
Parana,Sul,2022,2,3121502.992
Rio Grande do Sul,Sul,2022,2,2843122.965
Santa Catarina,Sul,2022,2,2578342.935
Alagoas,Nordeste,2022,3,461674.279
Bahia,Nordeste,2022,3,2249515.982
Ceara,Nordeste,2022,3,1066554.309
Maranhao,Nordeste,2022,3,665327.113
Pernambuco,Nordeste,2022,3,1336981.976
Piaui,Nordeste,2022,3,311620.18
Rio Grande do Norte,Nordeste,2022,3,512403.0
Sergipe,Nordeste,2022,3,350565.119
paraiba,Nordeste,2022,3,512456.818
Acre,Norte,2022,3,85611.62083203295
Amapa,Norte,2022,3,80397.808
Amazonas,Norte,2022,3,514733.6476962984
Para,Norte,2022,3,1600867.6103903598
Rondonia,Norte,2022,3,274655.032081309
Tocantins,Norte,2022,3,207787.432
Distrito Federal,Sudeste/Centro-Oeste,2022,3,536475.0
Espirito Santo,Sudeste/Centro-Oeste,2022,3,1017082.684
Goias,Sudeste/Centro-Oeste,2022,3,1403617.871
Mato Grosso do Sul,Sudeste/Centro-Oeste,2022,3,607784.641
Mato Grosso do Sul,Sudeste/Centro-Oeste,2022,3,833712.186
Minas Gerais,Sudeste/Centro-Oeste,2022,3,5339645.969
Rio de Janeiro,Sudeste/Centro-Oeste,2022,3,3637625.702
Sao Paulo,Sudeste/Centro-Oeste,2022,3,12023829.029
Parana,Sul,2022,3,3238680.892
Rio Grande do Sul,Sul,2022,3,2853347.789
Santa Catarina,Sul,2022,3,2671512.558
Alagoas,Nordeste,2022,4,419526.758
Bahia,Nordeste,2022,4,2223013.263
Ceara,Nordeste,2022,4,1061812.165
Maranhao,Nordeste,2022,4,646793.424
Pernambuco,Nordeste,2022,4,1283648.661
Piaui,Nordeste,2022,4,304836.265
Rio Grande do Norte,Nordeste,2022,4,489803.0
Sergipe,Nordeste,2022,4,330332.725
paraiba,Nordeste,2022,4,485090.183
Acre,Norte,2022,4,86788.71018482787
Amapa,Norte,2022,4,82788.296
Amazonas,Norte,2022,4,488194.67003744806
Para,Norte,2022,4,1566707.429473743
Rondonia,Norte,2022,4,265368.54330398096
Tocantins,Norte,2022,4,212078.142
Distrito Federal,Sudeste/Centro-Oeste,2022,4,546489.0
Espirito Santo,Sudeste/Centro-Oeste,2022,4,937750.393
Goias,Sudeste/Centro-Oeste,2022,4,1496827.687
Mato Grosso do Sul,Sudeste/Centro-Oeste,2022,4,550558.958
Mato Grosso do Sul,Sudeste/Centro-Oeste,2022,4,822790.423
Minas Gerais,Sudeste/Centro-Oeste,2022,4,5258200.337
Rio de Janeiro,Sudeste/Centro-Oeste,2022,4,3479222.146
Sao Paulo,Sudeste/Centro-Oeste,2022,4,12094586.089
Parana,Sul,2022,4,2966878.464
Rio Grande do Sul,Sul,2022,4,2552797.965
Santa Catarina,Sul,2022,4,2385370.488
Alagoas,Nordeste,2022,5,360711.621
Bahia,Nordeste,2022,5,2245695.952
Ceara,Nordeste,2022,5,1033091.005
Maranhao,Nordeste,2022,5,721612.086
Pernambuco,Nordeste,2022,5,1293889.39
Piaui,Nordeste,2022,5,324168.387
Rio Grande do Norte,Nordeste,2022,5,484346.0
Sergipe,Nordeste,2022,5,329398.629
paraiba,Nordeste,2022,5,487167.666
Acre,Norte,2022,5,89355.547504751
Amapa,Norte,2022,5,89731.314
Amazonas,Norte,2022,5,515069.0941187275
Para,Norte,2022,5,1662843.961239985
Rondonia,Norte,2022,5,285391.9831365364
Tocantins,Norte,2022,5,224355.495
Distrito Federal,Sudeste/Centro-Oeste,2022,5,534322.0
Espirito Santo,Sudeste/Centro-Oeste,2022,5,948893.55
Goias,Sudeste/Centro-Oeste,2022,5,1504165.901
Mato Grosso do Sul,Sudeste/Centro-Oeste,2022,5,505387.439
Mato Grosso do Sul,Sudeste/Centro-Oeste,2022,5,821057.088
Minas Gerais,Sudeste/Centro-Oeste,2022,5,5268416.135
Rio de Janeiro,Sudeste/Centro-Oeste,2022,5,3133352.197
Sao Paulo,Sudeste/Centro-Oeste,2022,5,11438185.155
Parana,Sul,2022,5,2914603.44
Rio Grande do Sul,Sul,2022,5,2309233.037
Santa Catarina,Sul,2022,5,2312899.557
Alagoas,Nordeste,2022,6,357398.174
Bahia,Nordeste,2022,6,2172444.735
Ceara,Nordeste,2022,6,1050138.235
Maranhao,Nordeste,2022,6,730644.288
Pernambuco,Nordeste,2022,6,1203390.647
Piaui,Nordeste,2022,6,326689.959
Rio Grande do Norte,Nordeste,2022,6,448061.0
Sergipe,Nordeste,2022,6,294849.204
paraiba,Nordeste,2022,6,446240.671
Acre,Norte,2022,6,83434.28663409216
Amapa,Norte,2022,6,93336.559
Amazonas,Norte,2022,6,508162.8645245996
Para,Norte,2022,6,1712857.7604044417
Rondonia,Norte,2022,6,269166.9334368666
Tocantins,Norte,2022,6,225103.157
Distrito Federal,Sudeste/Centro-Oeste,2022,6,537377.0
Espirito Santo,Sudeste/Centro-Oeste,2022,6,848030.205
Goias,Sudeste/Centro-Oeste,2022,6,1481428.951
Mato Grosso do Sul,Sudeste/Centro-Oeste,2022,6,454590.238
Mato Grosso do Sul,Sudeste/Centro-Oeste,2022,6,814247.909
Minas Gerais,Sudeste/Centro-Oeste,2022,6,5103374.704
Rio de Janeiro,Sudeste/Centro-Oeste,2022,6,2876557.572
Sao Paulo,Sudeste/Centro-Oeste,2022,6,11096611.832
Parana,Sul,2022,6,2860857.764
Rio Grande do Sul,Sul,2022,6,2426571.328
Santa Catarina,Sul,2022,6,2301307.893
Alagoas,Nordeste,2022,7,426474.754
Bahia,Nordeste,2022,7,2181349.035
Ceara,Nordeste,2022,7,1029371.793
Maranhao,Nordeste,2022,7,783457.22
Pernambuco,Nordeste,2022,7,1169384.916
Piaui,Nordeste,2022,7,333804.426
Rio Grande do Norte,Nordeste,2022,7,452715.0
Sergipe,Nordeste,2022,7,284618.789
paraiba,Nordeste,2022,7,452940.54
Acre,Norte,2022,7,92101.48691597389
Amapa,Norte,2022,7,88787.237
Amazonas,Norte,2022,7,534582.7529538771
Para,Norte,2022,7,1795102.5944742933
Rondonia,Norte,2022,7,280479.7116558557
Tocantins,Norte,2022,7,228799.444
Distrito Federal,Sudeste/Centro-Oeste,2022,7,510308.0
Espirito Santo,Sudeste/Centro-Oeste,2022,7,825696.775
Goias,Sudeste/Centro-Oeste,2022,7,1480861.483
Mato Grosso do Sul,Sudeste/Centro-Oeste,2022,7,479625.879
Mato Grosso do Sul,Sudeste/Centro-Oeste,2022,7,828601.219
Minas Gerais,Sudeste/Centro-Oeste,2022,7,5190169.642
Rio de Janeiro,Sudeste/Centro-Oeste,2022,7,2862363.379
Sao Paulo,Sudeste/Centro-Oeste,2022,7,11070389.834
Parana,Sul,2022,7,2866342.173
Rio Grande do Sul,Sul,2022,7,2470535.81
Santa Catarina,Sul,2022,7,2292664.504
Alagoas,Nordeste,2022,8,427756.525
Bahia,Nordeste,2022,8,2179929.596
Ceara,Nordeste,2022,8,1078466.042
Maranhao,Nordeste,2022,8,881229.595
Pernambuco,Nordeste,2022,8,1188471.348
Piaui,Nordeste,2022,8,336660.237
Rio Grande do Norte,Nordeste,2022,8,460635.0
Sergipe,Nordeste,2022,8,300176.728
paraiba,Nordeste,2022,8,455182.777
Acre,Norte,2022,8,95851.9910267528
Amapa,Norte,2022,8,97439.021
Amazonas,Norte,2022,8,586565.6095811038
Para,Norte,2022,8,1846463.4695283296
Rondonia,Norte,2022,8,297158.20586381364
Tocantins,Norte,2022,8,237628.747
Distrito Federal,Sudeste/Centro-Oeste,2022,8,531299.0
Espirito Santo,Sudeste/Centro-Oeste,2022,8,891059.123
Goias,Sudeste/Centro-Oeste,2022,8,1482074.746
Mato Grosso do Sul,Sudeste/Centro-Oeste,2022,8,511463.745
Mato Grosso do Sul,Sudeste/Centro-Oeste,2022,8,875770.364
Minas Gerais,Sudeste/Centro-Oeste,2022,8,5167727.212
Rio de Janeiro,Sudeste/Centro-Oeste,2022,8,2908338.731
Sao Paulo,Sudeste/Centro-Oeste,2022,8,11409228.264
Parana,Sul,2022,8,2913427.353
Rio Grande do Sul,Sul,2022,8,2414224.632
Santa Catarina,Sul,2022,8,2317604.114
Alagoas,Nordeste,2022,9,394730.802
Bahia,Nordeste,2022,9,2153837.313
Ceara,Nordeste,2022,9,1113885.354
Maranhao,Nordeste,2022,9,920582.49
Pernambuco,Nordeste,2022,9,1210059.025
Piaui,Nordeste,2022,9,374650.064
Rio Grande do Norte,Nordeste,2022,9,483576.0
Sergipe,Nordeste,2022,9,310985.465
paraiba,Nordeste,2022,9,469368.474
Acre,Norte,2022,9,94025.94026175584
Amapa,Norte,2022,9,100604.799
Amazonas,Norte,2022,9,575746.1141588888
Para,Norte,2022,9,1800296.0939898484
Rondonia,Norte,2022,9,301410.64058950683
Tocantins,Norte,2022,9,249277.899
Distrito Federal,Sudeste/Centro-Oeste,2022,9,564877.0
Espirito Santo,Sudeste/Centro-Oeste,2022,9,888837.784
Goias,Sudeste/Centro-Oeste,2022,9,1563276.625
Mato Grosso do Sul,Sudeste/Centro-Oeste,2022,9,501949.21
Mato Grosso do Sul,Sudeste/Centro-Oeste,2022,9,905676.488
Minas Gerais,Sudeste/Centro-Oeste,2022,9,5172783.624
Rio de Janeiro,Sudeste/Centro-Oeste,2022,9,2861443.817
Sao Paulo,Sudeste/Centro-Oeste,2022,9,11519777.932
Parana,Sul,2022,9,2861149.122
Rio Grande do Sul,Sul,2022,9,2398093.803
Santa Catarina,Sul,2022,9,2277508.709
Alagoas,Nordeste,2022,10,411108.062
Bahia,Nordeste,2022,10,2222570.824
Ceara,Nordeste,2022,10,1136817.171
Maranhao,Nordeste,2022,10,967972.678
Pernambuco,Nordeste,2022,10,1239699.462
Piaui,Nordeste,2022,10,375276.679
Rio Grande do Norte,Nordeste,2022,10,491666.0
Sergipe,Nordeste,2022,10,327087.477
paraiba,Nordeste,2022,10,480109.891
Acre,Norte,2022,10,99219.7206452711
Amapa,Norte,2022,10,110375.185
Amazonas,Norte,2022,10,574397.5930763475
Para,Norte,2022,10,1809237.372447313
Rondonia,Norte,2022,10,304235.4388310682
Tocantins,Norte,2022,10,256714.498
Distrito Federal,Sudeste/Centro-Oeste,2022,10,576149.0
Espirito Santo,Sudeste/Centro-Oeste,2022,10,893103.389
Goias,Sudeste/Centro-Oeste,2022,10,1561112.339
Mato Grosso do Sul,Sudeste/Centro-Oeste,2022,10,515289.627
Mato Grosso do Sul,Sudeste/Centro-Oeste,2022,10,886342.826
Minas Gerais,Sudeste/Centro-Oeste,2022,10,5336051.41
Rio de Janeiro,Sudeste/Centro-Oeste,2022,10,2937036.793
Sao Paulo,Sudeste/Centro-Oeste,2022,10,11330102.971
Parana,Sul,2022,10,2852702.505
Rio Grande do Sul,Sul,2022,10,2281819.509
Santa Catarina,Sul,2022,10,2283372.222
Alagoas,Nordeste,2022,11,409214.333
Bahia,Nordeste,2022,11,2297059.821
Ceara,Nordeste,2022,11,1157478.572
Maranhao,Nordeste,2022,11,988530.257
Pernambuco,Nordeste,2022,11,1259054.491
Piaui,Nordeste,2022,11,350640.037
Rio Grande do Norte,Nordeste,2022,11,509178.0
Sergipe,Nordeste,2022,11,325927.438
paraiba,Nordeste,2022,11,497050.255
Acre,Norte,2022,11,97082.0822962942
Amapa,Norte,2022,11,85312.474
Amazonas,Norte,2022,11,564020.9398853529
Para,Norte,2022,11,1788142.5610030051
Rondonia,Norte,2022,11,286025.44681534776
Tocantins,Norte,2022,11,226175.572
Distrito Federal,Sudeste/Centro-Oeste,2022,11,565197.0
Espirito Santo,Sudeste/Centro-Oeste,2022,11,892581.086
Goias,Sudeste/Centro-Oeste,2022,11,1552335.99
Mato Grosso do Sul,Sudeste/Centro-Oeste,2022,11,518145.72
Mato Grosso do Sul,Sudeste/Centro-Oeste,2022,11,837104.58
Minas Gerais,Sudeste/Centro-Oeste,2022,11,5050600.433
Rio de Janeiro,Sudeste/Centro-Oeste,2022,11,3061359.843
Sao Paulo,Sudeste/Centro-Oeste,2022,11,11576813.562
Parana,Sul,2022,11,2865571.538
Rio Grande do Sul,Sul,2022,11,2401210.5
Santa Catarina,Sul,2022,11,2313566.745
Alagoas,Nordeste,2022,12,427641.752
Bahia,Nordeste,2022,12,2137373.012
Ceara,Nordeste,2022,12,1133253.547
Maranhao,Nordeste,2022,12,1031597.019
Pernambuco,Nordeste,2022,12,1254999.205
Piaui,Nordeste,2022,12,356243.734
Rio Grande do Norte,Nordeste,2022,12,515422.0
Sergipe,Nordeste,2022,12,339751.227
paraiba,Nordeste,2022,12,507007.185
Acre,Norte,2022,12,95764.72148860196
Amapa,Norte,2022,12,99192.926
Amazonas,Norte,2022,12,519951.8020091289
Para,Norte,2022,12,1831370.0119818405
Rondonia,Norte,2022,12,304763.2235204287
Tocantins,Norte,2022,12,215281.993
Distrito Federal,Sudeste/Centro-Oeste,2022,12,548597.0
Espirito Santo,Sudeste/Centro-Oeste,2022,12,855219.901
Goias,Sudeste/Centro-Oeste,2022,12,1524158.8
Mato Grosso do Sul,Sudeste/Centro-Oeste,2022,12,532950.988
Mato Grosso do Sul,Sudeste/Centro-Oeste,2022,12,848028.936
Minas Gerais,Sudeste/Centro-Oeste,2022,12,5078748.047
Rio de Janeiro,Sudeste/Centro-Oeste,2022,12,3121692.093
Sao Paulo,Sudeste/Centro-Oeste,2022,12,11707745.509
Parana,Sul,2022,12,2937482.477
Rio Grande do Sul,Sul,2022,12,2703558.001
Santa Catarina,Sul,2022,12,2365788.989
Alagoas,Nordeste,2023,1,469346.617
Bahia,Nordeste,2023,1,2160398.21
Ceara,Nordeste,2023,1,1098418.492
Maranhao,Nordeste,2023,1,987379.261
Pernambuco,Nordeste,2023,1,1272936.883
Piaui,Nordeste,2023,1,319594.605
Rio Grande do Norte,Nordeste,2023,1,515563.0
Sergipe,Nordeste,2023,1,342141.954
paraiba,Nordeste,2023,1,505875.265
Acre,Norte,2023,1,91441.87499329062
Amapa,Norte,2023,1,86295.028
Amazonas,Norte,2023,1,506665.0919032106
Para,Norte,2023,1,1788037.8236710243
Rondonia,Norte,2023,1,272035.5944324747
Tocantins,Norte,2023,1,198836.99
Distrito Federal,Sudeste/Centro-Oeste,2023,1,520127.77
Espirito Santo,Sudeste/Centro-Oeste,2023,1,896576.457
Goias,Sudeste/Centro-Oeste,2023,1,1429989.592
Mato Grosso do Sul,Sudeste/Centro-Oeste,2023,1,538858.329
Mato Grosso do Sul,Sudeste/Centro-Oeste,2023,1,750657.865
Minas Gerais,Sudeste/Centro-Oeste,2023,1,5095531.929
Rio de Janeiro,Sudeste/Centro-Oeste,2023,1,2881258.012
Sao Paulo,Sudeste/Centro-Oeste,2023,1,11286108.073
Parana,Sul,2023,1,3051127.678
Rio Grande do Sul,Sul,2023,1,2766682.595
Santa Catarina,Sul,2023,1,2481667.038
Alagoas,Nordeste,2023,2,430041.121
Bahia,Nordeste,2023,2,2160697.403
Ceara,Nordeste,2023,2,1075682.103
Maranhao,Nordeste,2023,2,965941.896
Pernambuco,Nordeste,2023,2,1253957.989
Piaui,Nordeste,2023,2,301811.201
Rio Grande do Norte,Nordeste,2023,2,489377.0
Sergipe,Nordeste,2023,2,327801.348
paraiba,Nordeste,2023,2,496568.276
Acre,Norte,2023,2,86252.33940726794
Amapa,Norte,2023,2,78650.101
Amazonas,Norte,2023,2,471718.598763072
Para,Norte,2023,2,1647243.3720553014
Rondonia,Norte,2023,2,257307.89377435867
Tocantins,Norte,2023,2,198301.142
Distrito Federal,Sudeste/Centro-Oeste,2023,2,530464.99
Espirito Santo,Sudeste/Centro-Oeste,2023,2,913731.98
Goias,Sudeste/Centro-Oeste,2023,2,1404409.976
Mato Grosso do Sul,Sudeste/Centro-Oeste,2023,2,539954.979
Mato Grosso do Sul,Sudeste/Centro-Oeste,2023,2,760977.25
Minas Gerais,Sudeste/Centro-Oeste,2023,2,4927133.356
Rio de Janeiro,Sudeste/Centro-Oeste,2023,2,3323581.474
Sao Paulo,Sudeste/Centro-Oeste,2023,2,11540029.553
Parana,Sul,2023,2,3031414.447
Rio Grande do Sul,Sul,2023,2,2894929.539
Santa Catarina,Sul,2023,2,2697022.118
Alagoas,Nordeste,2023,3,475804.099
Bahia,Nordeste,2023,3,2317437.069
Ceara,Nordeste,2023,3,1042862.661
Maranhao,Nordeste,2023,3,1063504.138
Pernambuco,Nordeste,2023,3,1332269.569
Piaui,Nordeste,2023,3,329596.705
Rio Grande do Norte,Nordeste,2023,3,506437.0
Sergipe,Nordeste,2023,3,352982.685
paraiba,Nordeste,2023,3,501072.109
Acre,Norte,2023,3,92981.75287092908
Amapa,Norte,2023,3,87422.472
Amazonas,Norte,2023,3,542408.8843663231
Para,Norte,2023,3,1836869.4913026448
Rondonia,Norte,2023,3,296150.3874601029
Tocantins,Norte,2023,3,223356.817
Distrito Federal,Sudeste/Centro-Oeste,2023,3,561423.77
Espirito Santo,Sudeste/Centro-Oeste,2023,3,1057957.133
Goias,Sudeste/Centro-Oeste,2023,3,1480691.346
Mato Grosso do Sul,Sudeste/Centro-Oeste,2023,3,550703.646
Mato Grosso do Sul,Sudeste/Centro-Oeste,2023,3,850259.55
Minas Gerais,Sudeste/Centro-Oeste,2023,3,5619862.411
Rio de Janeiro,Sudeste/Centro-Oeste,2023,3,3563778.39
Sao Paulo,Sudeste/Centro-Oeste,2023,3,11841790.835
Parana,Sul,2023,3,3160725.019
Rio Grande do Sul,Sul,2023,3,3013326.498
Santa Catarina,Sul,2023,3,2779518.646
Alagoas,Nordeste,2023,4,474164.162
Bahia,Nordeste,2023,4,2289126.128
Ceara,Nordeste,2023,4,1094869.362
Maranhao,Nordeste,2023,4,1055290.096
Pernambuco,Nordeste,2023,4,1266303.709
Piaui,Nordeste,2023,4,326845.464
Rio Grande do Norte,Nordeste,2023,4,475277.0
Sergipe,Nordeste,2023,4,330558.741
paraiba,Nordeste,2023,4,501358.132
Acre,Norte,2023,4,88871.06774430122
Amapa,Norte,2023,4,90204.453
Amazonas,Norte,2023,4,532964.1544434426
Para,Norte,2023,4,1754290.5226439564
Rondonia,Norte,2023,4,277658.6511682997
Tocantins,Norte,2023,4,223609.043
Distrito Federal,Sudeste/Centro-Oeste,2023,4,550587.77
Espirito Santo,Sudeste/Centro-Oeste,2023,4,994578.642
Goias,Sudeste/Centro-Oeste,2023,4,1570347.766
Mato Grosso do Sul,Sudeste/Centro-Oeste,2023,4,569035.624
Mato Grosso do Sul,Sudeste/Centro-Oeste,2023,4,819745.027
Minas Gerais,Sudeste/Centro-Oeste,2023,4,5326562.35
Rio de Janeiro,Sudeste/Centro-Oeste,2023,4,3314886.531
Sao Paulo,Sudeste/Centro-Oeste,2023,4,12070175.188
Parana,Sul,2023,4,3138879.246
Rio Grande do Sul,Sul,2023,4,2918029.16
Santa Catarina,Sul,2023,4,2588328.18
Alagoas,Nordeste,2023,5,459426.974
Bahia,Nordeste,2023,5,2280718.902
Ceara,Nordeste,2023,5,1085921.602
Maranhao,Nordeste,2023,5,1127294.174
Pernambuco,Nordeste,2023,5,1310176.82
Piaui,Nordeste,2023,5,347068.321
Rio Grande do Norte,Nordeste,2023,5,493055.0
Sergipe,Nordeste,2023,5,323272.054
paraiba,Nordeste,2023,5,523851.711
Acre,Norte,2023,5,93962.06220071825
Amapa,Norte,2023,5,101781.177
Amazonas,Norte,2023,5,570657.7744129649
Para,Norte,2023,5,1842190.9332451466
Rondonia,Norte,2023,5,300287.40514117014
Tocantins,Norte,2023,5,235834.677
Distrito Federal,Sudeste/Centro-Oeste,2023,5,518144.77
Espirito Santo,Sudeste/Centro-Oeste,2023,5,933549.322
Goias,Sudeste/Centro-Oeste,2023,5,1522783.832
Mato Grosso do Sul,Sudeste/Centro-Oeste,2023,5,498913.714
Mato Grosso do Sul,Sudeste/Centro-Oeste,2023,5,836889.356
Minas Gerais,Sudeste/Centro-Oeste,2023,5,5443073.173
Rio de Janeiro,Sudeste/Centro-Oeste,2023,5,3028977.549
Sao Paulo,Sudeste/Centro-Oeste,2023,5,11178453.02
Parana,Sul,2023,5,2987537.933
Rio Grande do Sul,Sul,2023,5,2463457.597
Santa Catarina,Sul,2023,5,2417687.451
Alagoas,Nordeste,2023,6,444615.97
Bahia,Nordeste,2023,6,2215439.007
Ceara,Nordeste,2023,6,1159928.592
Maranhao,Nordeste,2023,6,1090847.688
Pernambuco,Nordeste,2023,6,1222881.47
Piaui,Nordeste,2023,6,352751.845
Rio Grande do Norte,Nordeste,2023,6,479417.0
Sergipe,Nordeste,2023,6,305966.627
paraiba,Nordeste,2023,6,466286.766
Acre,Norte,2023,6,93293.36006646398
Amapa,Norte,2023,6,99767.299
Amazonas,Norte,2023,6,570043.6235868764
Para,Norte,2023,6,1855637.7409858787
Rondonia,Norte,2023,6,300858.78436078073
Tocantins,Norte,2023,6,237457.71
Distrito Federal,Sudeste/Centro-Oeste,2023,6,543061.77
Espirito Santo,Sudeste/Centro-Oeste,2023,6,910714.76
Goias,Sudeste/Centro-Oeste,2023,6,1542877.819
Mato Grosso do Sul,Sudeste/Centro-Oeste,2023,6,458862.11
Mato Grosso do Sul,Sudeste/Centro-Oeste,2023,6,822027.049
Minas Gerais,Sudeste/Centro-Oeste,2023,6,5270435.264
Rio de Janeiro,Sudeste/Centro-Oeste,2023,6,2931453.216
Sao Paulo,Sudeste/Centro-Oeste,2023,6,11368110.894
Parana,Sul,2023,6,2879631.224
Rio Grande do Sul,Sul,2023,6,2440947.716
Santa Catarina,Sul,2023,6,2377405.727
Alagoas,Nordeste,2023,7,399693.496
Bahia,Nordeste,2023,7,2106542.831
Ceara,Nordeste,2023,7,1070238.713
Maranhao,Nordeste,2023,7,1124683.098
Pernambuco,Nordeste,2023,7,1189652.99
Piaui,Nordeste,2023,7,356327.774
Rio Grande do Norte,Nordeste,2023,7,473602.0
Sergipe,Nordeste,2023,7,302203.806
paraiba,Nordeste,2023,7,450153.705
Acre,Norte,2023,7,94791.14806250222
Amapa,Norte,2023,7,102849.895
Amazonas,Norte,2023,7,601634.2353640477
Para,Norte,2023,7,1875347.994407421
Rondonia,Norte,2023,7,288455.5401660292
Tocantins,Norte,2023,7,238876.16
Distrito Federal,Sudeste/Centro-Oeste,2023,7,510807.77
Espirito Santo,Sudeste/Centro-Oeste,2023,7,899790.684
Goias,Sudeste/Centro-Oeste,2023,7,1502444.05
Mato Grosso do Sul,Sudeste/Centro-Oeste,2023,7,452296.138
Mato Grosso do Sul,Sudeste/Centro-Oeste,2023,7,804536.285
Minas Gerais,Sudeste/Centro-Oeste,2023,7,5280897.768
Rio de Janeiro,Sudeste/Centro-Oeste,2023,7,2847896.169
Sao Paulo,Sudeste/Centro-Oeste,2023,7,11107360.336
Parana,Sul,2023,7,2929545.921
Rio Grande do Sul,Sul,2023,7,2461912.14
Santa Catarina,Sul,2023,7,2326193.024
Alagoas,Nordeste,2023,8,398214.325
Bahia,Nordeste,2023,8,2206374.854
Ceara,Nordeste,2023,8,1131225.167
Maranhao,Nordeste,2023,8,1151226.581
Pernambuco,Nordeste,2023,8,1209125.533
Piaui,Nordeste,2023,8,377723.74
Rio Grande do Norte,Nordeste,2023,8,486814.0
Sergipe,Nordeste,2023,8,314259.879
paraiba,Nordeste,2023,8,473222.23
Acre,Norte,2023,8,106051.46391808224
Amapa,Norte,2023,8,107499.754
Amazonas,Norte,2023,8,649200.1813596721
Para,Norte,2023,8,1915036.6576723575
Rondonia,Norte,2023,8,319184.259049888
Tocantins,Norte,2023,8,251820.103
Distrito Federal,Sudeste/Centro-Oeste,2023,8,537404.77
Espirito Santo,Sudeste/Centro-Oeste,2023,8,923531.354
Goias,Sudeste/Centro-Oeste,2023,8,1565876.852
Mato Grosso do Sul,Sudeste/Centro-Oeste,2023,8,513420.423
Mato Grosso do Sul,Sudeste/Centro-Oeste,2023,8,929616.387
Minas Gerais,Sudeste/Centro-Oeste,2023,8,5438757.176
Rio de Janeiro,Sudeste/Centro-Oeste,2023,8,2973071.983
Sao Paulo,Sudeste/Centro-Oeste,2023,8,11409600.115
Parana,Sul,2023,8,3016596.167
Rio Grande do Sul,Sul,2023,8,2459000.085
Santa Catarina,Sul,2023,8,2324411.767
Alagoas,Nordeste,2023,9,441572.715
Bahia,Nordeste,2023,9,2287165.328
Ceara,Nordeste,2023,9,1193061.264
Maranhao,Nordeste,2023,9,1146620.906
Pernambuco,Nordeste,2023,9,1255276.107
Piaui,Nordeste,2023,9,418672.382
Rio Grande do Norte,Nordeste,2023,9,493547.0
Sergipe,Nordeste,2023,9,337300.583
paraiba,Nordeste,2023,9,494604.675
Acre,Norte,2023,9,111682.55126787747
Amapa,Norte,2023,9,109182.93
Amazonas,Norte,2023,9,650803.7996887168
Para,Norte,2023,9,1946172.7227228018
Rondonia,Norte,2023,9,333689.1353206038
Tocantins,Norte,2023,9,260172.518
Distrito Federal,Sudeste/Centro-Oeste,2023,9,572029.77
Espirito Santo,Sudeste/Centro-Oeste,2023,9,910834.797
Goias,Sudeste/Centro-Oeste,2023,9,1630144.752
Mato Grosso do Sul,Sudeste/Centro-Oeste,2023,9,539191.576
Mato Grosso do Sul,Sudeste/Centro-Oeste,2023,9,988707.191
Minas Gerais,Sudeste/Centro-Oeste,2023,9,5297051.787
Rio de Janeiro,Sudeste/Centro-Oeste,2023,9,3032291.66
Sao Paulo,Sudeste/Centro-Oeste,2023,9,11950008.707
Parana,Sul,2023,9,3023561.638
Rio Grande do Sul,Sul,2023,9,2463568.229
Santa Catarina,Sul,2023,9,2332972.35
Alagoas,Nordeste,2023,10,453900.14
Bahia,Nordeste,2023,10,2306748.001
Ceara,Nordeste,2023,10,1172211.394
Maranhao,Nordeste,2023,10,1213725.37
Pernambuco,Nordeste,2023,10,1280823.367
Piaui,Nordeste,2023,10,420710.092
Rio Grande do Norte,Nordeste,2023,10,505480.0
Sergipe,Nordeste,2023,10,345219.702
paraiba,Nordeste,2023,10,512081.613
Acre,Norte,2023,10,111185.40459178522
Amapa,Norte,2023,10,112289.108
Amazonas,Norte,2023,10,648582.0218318445
Para,Norte,2023,10,1982985.390199387
Rondonia,Norte,2023,10,327075.61037698336
Tocantins,Norte,2023,10,275816.645
Distrito Federal,Sudeste/Centro-Oeste,2023,10,596026.77
Espirito Santo,Sudeste/Centro-Oeste,2023,10,1023329.711
Goias,Sudeste/Centro-Oeste,2023,10,1753598.343
Mato Grosso do Sul,Sudeste/Centro-Oeste,2023,10,602605.806
Mato Grosso do Sul,Sudeste/Centro-Oeste,2023,10,1001325.119
Minas Gerais,Sudeste/Centro-Oeste,2023,10,5751116.308
Rio de Janeiro,Sudeste/Centro-Oeste,2023,10,3109691.294
Sao Paulo,Sudeste/Centro-Oeste,2023,10,12251196.922
Parana,Sul,2023,10,3165055.443
Rio Grande do Sul,Sul,2023,10,2412491.048
Santa Catarina,Sul,2023,10,2476443.751
Alagoas,Nordeste,2023,11,487945.716
Bahia,Nordeste,2023,11,2379025.599
Ceara,Nordeste,2023,11,1242843.731
Maranhao,Nordeste,2023,11,1212542.957
Pernambuco,Nordeste,2023,11,1338451.09
Piaui,Nordeste,2023,11,416278.624
Rio Grande do Norte,Nordeste,2023,11,516865.0
Sergipe,Nordeste,2023,11,359943.381
paraiba,Nordeste,2023,11,535821.354
Acre,Norte,2023,11,112309.60657414775
Amapa,Norte,2023,11,126924.816
Amazonas,Norte,2023,11,623197.4463147472
Para,Norte,2023,11,1897748.4520772165
Rondonia,Norte,2023,11,338385.40003388864
Tocantins,Norte,2023,11,264320.49
Distrito Federal,Sudeste/Centro-Oeste,2023,11,604826.77
Espirito Santo,Sudeste/Centro-Oeste,2023,11,1047502.977
Goias,Sudeste/Centro-Oeste,2023,11,1810995.297
Mato Grosso do Sul,Sudeste/Centro-Oeste,2023,11,589264.148
Mato Grosso do Sul,Sudeste/Centro-Oeste,2023,11,1028469.171
Minas Gerais,Sudeste/Centro-Oeste,2023,11,5693792.487
Rio de Janeiro,Sudeste/Centro-Oeste,2023,11,3204062.415
Sao Paulo,Sudeste/Centro-Oeste,2023,11,12543915.548
Parana,Sul,2023,11,3160006.875
Rio Grande do Sul,Sul,2023,11,2499647.264
Santa Catarina,Sul,2023,11,2376065.56
Alagoas,Nordeste,2023,12,499626.899
Bahia,Nordeste,2023,12,2433080.465
Ceara,Nordeste,2023,12,1177574.969
Maranhao,Nordeste,2023,12,1239091.498
Pernambuco,Nordeste,2023,12,1348210.779
Piaui,Nordeste,2023,12,399090.986
Rio Grande do Norte,Nordeste,2023,12,518053.0
Sergipe,Nordeste,2023,12,353616.089
paraiba,Nordeste,2023,12,527996.081
Acre,Norte,2023,12,107909.42695621037
Amapa,Norte,2023,12,117726.317
Amazonas,Norte,2023,12,571565.5013712645
Para,Norte,2023,12,1923217.0344142043
Rondonia,Norte,2023,12,331521.886258321
Tocantins,Norte,2023,12,253079.604
Distrito Federal,Sudeste/Centro-Oeste,2023,12,605955.77
Espirito Santo,Sudeste/Centro-Oeste,2023,12,1126499.273
Goias,Sudeste/Centro-Oeste,2023,12,1791258.915
Mato Grosso do Sul,Sudeste/Centro-Oeste,2023,12,590317.625
Mato Grosso do Sul,Sudeste/Centro-Oeste,2023,12,980062.982
Minas Gerais,Sudeste/Centro-Oeste,2023,12,5634876.132
Rio de Janeiro,Sudeste/Centro-Oeste,2023,12,3290295.008
Sao Paulo,Sudeste/Centro-Oeste,2023,12,12789351.211
Parana,Sul,2023,12,3207775.958
Rio Grande do Sul,Sul,2023,12,2662957.281
Santa Catarina,Sul,2023,12,2504312.003
Alagoas,Nordeste,2024,1,510976.252
Bahia,Nordeste,2024,1,2401144.401
Ceara,Nordeste,2024,1,1175404.205
Maranhao,Nordeste,2024,1,1207981.585
Pernambuco,Nordeste,2024,1,1322746.716
Piaui,Nordeste,2024,1,377330.565
Rio Grande do Norte,Nordeste,2024,1,532208.0
Sergipe,Nordeste,2024,1,362058.038
paraiba,Nordeste,2024,1,546610.413
Acre,Norte,2024,1,104924.44247861013
Amapa,Norte,2024,1,109608.29
Amazonas,Norte,2024,1,590199.6389989767
Para,Norte,2024,1,1864820.69361905
Rondonia,Norte,2024,1,312476.5649033631
Tocantins,Norte,2024,1,233157.465
Distrito Federal,Sudeste/Centro-Oeste,2024,1,550659.471
Espirito Santo,Sudeste/Centro-Oeste,2024,1,1072327.834
Goias,Sudeste/Centro-Oeste,2024,1,1655495.538
Mato Grosso do Sul,Sudeste/Centro-Oeste,2024,1,601144.009
Mato Grosso do Sul,Sudeste/Centro-Oeste,2024,1,894993.358
Minas Gerais,Sudeste/Centro-Oeste,2024,1,5545890.519
Rio de Janeiro,Sudeste/Centro-Oeste,2024,1,3471033.156
Sao Paulo,Sudeste/Centro-Oeste,2024,1,12389253.683
Parana,Sul,2024,1,3362747.206
Rio Grande do Sul,Sul,2024,1,2772863.771
Santa Catarina,Sul,2024,1,2757820.41
Alagoas,Nordeste,2024,2,484099.301
Bahia,Nordeste,2024,2,2272219.526
Ceara,Nordeste,2024,2,1196713.734
Maranhao,Nordeste,2024,2,1138460.184
Pernambuco,Nordeste,2024,2,1312687.501
Piaui,Nordeste,2024,2,354119.452
Rio Grande do Norte,Nordeste,2024,2,514396.0
Sergipe,Nordeste,2024,2,345894.968
paraiba,Nordeste,2024,2,534228.968
Acre,Norte,2024,2,99224.08066060637
Amapa,Norte,2024,2,107713.974
Amazonas,Norte,2024,2,593031.3918241799
Para,Norte,2024,2,1743113.3097824971
Rondonia,Norte,2024,2,295547.2587327168
Tocantins,Norte,2024,2,225225.258
Distrito Federal,Sudeste/Centro-Oeste,2024,2,564530.983
Espirito Santo,Sudeste/Centro-Oeste,2024,2,998838.259
Goias,Sudeste/Centro-Oeste,2024,2,1592102.989
Mato Grosso do Sul,Sudeste/Centro-Oeste,2024,2,601134.962
Mato Grosso do Sul,Sudeste/Centro-Oeste,2024,2,877192.172
Minas Gerais,Sudeste/Centro-Oeste,2024,2,5260005.387
Rio de Janeiro,Sudeste/Centro-Oeste,2024,2,3434558.978
Sao Paulo,Sudeste/Centro-Oeste,2024,2,12426745.232
Parana,Sul,2024,2,3320479.356
Rio Grande do Sul,Sul,2024,2,2958557.988
Santa Catarina,Sul,2024,2,2875369.558
Alagoas,Nordeste,2024,3,539348.756
Bahia,Nordeste,2024,3,2309713.215
Ceara,Nordeste,2024,3,1102033.643
Maranhao,Nordeste,2024,3,1136387.634
Pernambuco,Nordeste,2024,3,1366703.561
Piaui,Nordeste,2024,3,357878.361
Rio Grande do Norte,Nordeste,2024,3,514805.0
Sergipe,Nordeste,2024,3,373204.702
paraiba,Nordeste,2024,3,543258.141
Acre,Norte,2024,3,99319.87735250437
Amapa,Norte,2024,3,107036.853
Amazonas,Norte,2024,3,610479.8612990353
Para,Norte,2024,3,1832335.330066488
Rondonia,Norte,2024,3,311519.3562819726
Tocantins,Norte,2024,3,253264.668
Distrito Federal,Sudeste/Centro-Oeste,2024,3,550704.027
Espirito Santo,Sudeste/Centro-Oeste,2024,3,1121381.653
Goias,Sudeste/Centro-Oeste,2024,3,1642508.93
Mato Grosso do Sul,Sudeste/Centro-Oeste,2024,3,631103.16
Mato Grosso do Sul,Sudeste/Centro-Oeste,2024,3,938563.295
Minas Gerais,Sudeste/Centro-Oeste,2024,3,5665542.965
Rio de Janeiro,Sudeste/Centro-Oeste,2024,3,3573075.295
Sao Paulo,Sudeste/Centro-Oeste,2024,3,12768301.258
Parana,Sul,2024,3,3460938.604
Rio Grande do Sul,Sul,2024,3,3057378.912
Santa Catarina,Sul,2024,3,2835663.841
Alagoas,Nordeste,2024,4,474724.403
Bahia,Nordeste,2024,4,2405460.622
Ceara,Nordeste,2024,4,1142601.09
Maranhao,Nordeste,2024,4,1133661.448
Pernambuco,Nordeste,2024,4,1371987.716
Piaui,Nordeste,2024,4,363188.96
Rio Grande do Norte,Nordeste,2024,4,516568.0
Sergipe,Nordeste,2024,4,362338.052
paraiba,Nordeste,2024,4,564788.738
Acre,Norte,2024,4,109430.50710159708
Amapa,Norte,2024,4,112317.918
Amazonas,Norte,2024,4,608697.0471687813
Para,Norte,2024,4,1802429.2845196114
Rondonia,Norte,2024,4,322445.22421001014
Tocantins,Norte,2024,4,260434.862
Distrito Federal,Sudeste/Centro-Oeste,2024,4,548624.423
Espirito Santo,Sudeste/Centro-Oeste,2024,4,1095874.175
Goias,Sudeste/Centro-Oeste,2024,4,1667302.152
Mato Grosso do Sul,Sudeste/Centro-Oeste,2024,4,626833.681
Mato Grosso do Sul,Sudeste/Centro-Oeste,2024,4,920272.049
Minas Gerais,Sudeste/Centro-Oeste,2024,4,5638844.07
Rio de Janeiro,Sudeste/Centro-Oeste,2024,4,3447798.435
Sao Paulo,Sudeste/Centro-Oeste,2024,4,12558989.524
Parana,Sul,2024,4,3402605.452
Rio Grande do Sul,Sul,2024,4,2815124.454
Santa Catarina,Sul,2024,4,2859228.572
Alagoas,Nordeste,2024,5,460361.183
Bahia,Nordeste,2024,5,2315927.159
Ceara,Nordeste,2024,5,1190295.865
Maranhao,Nordeste,2024,5,1215818.868
Pernambuco,Nordeste,2024,5,1357944.739
Piaui,Nordeste,2024,5,386308.128
Rio Grande do Norte,Nordeste,2024,5,507431.0
Sergipe,Nordeste,2024,5,354544.216
paraiba,Nordeste,2024,5,553484.873
Acre,Norte,2024,5,108313.81917492012
Amapa,Norte,2024,5,113105.849
Amazonas,Norte,2024,5,624213.5935083771
Para,Norte,2024,5,1930842.4934496148
Rondonia,Norte,2024,5,333748.5268670878
Tocantins,Norte,2024,5,274984.958
Distrito Federal,Sudeste/Centro-Oeste,2024,5,559344.555
Espirito Santo,Sudeste/Centro-Oeste,2024,5,1102283.417
Goias,Sudeste/Centro-Oeste,2024,5,1690110.858
Mato Grosso do Sul,Sudeste/Centro-Oeste,2024,5,602592.09
Mato Grosso do Sul,Sudeste/Centro-Oeste,2024,5,927730.54
Minas Gerais,Sudeste/Centro-Oeste,2024,5,5652577.192
Rio de Janeiro,Sudeste/Centro-Oeste,2024,5,3439945.508
Sao Paulo,Sudeste/Centro-Oeste,2024,5,12776183.675
Parana,Sul,2024,5,3332554.309
Rio Grande do Sul,Sul,2024,5,2465771.387
Santa Catarina,Sul,2024,5,2584579.583
Alagoas,Nordeste,2024,6,427272.241
Bahia,Nordeste,2024,6,2352718.599
Ceara,Nordeste,2024,6,1169057.589
Maranhao,Nordeste,2024,6,1239586.181
Pernambuco,Nordeste,2024,6,1305674.346
Piaui,Nordeste,2024,6,393224.052
Rio Grande do Norte,Nordeste,2024,6,495406.0
Sergipe,Nordeste,2024,6,328737.475
paraiba,Nordeste,2024,6,519179.324
Acre,Norte,2024,6,96712.92650393993
Amapa,Norte,2024,6,115322.644
Amazonas,Norte,2024,6,608066.8594594199
Para,Norte,2024,6,1949262.1954884776
Rondonia,Norte,2024,6,310812.1335481625
Tocantins,Norte,2024,6,264620.71
Distrito Federal,Sudeste/Centro-Oeste,2024,6,559435.913
Espirito Santo,Sudeste/Centro-Oeste,2024,6,1015038.254
Goias,Sudeste/Centro-Oeste,2024,6,1697839.429
Mato Grosso do Sul,Sudeste/Centro-Oeste,2024,6,538600.383
Mato Grosso do Sul,Sudeste/Centro-Oeste,2024,6,844334.975
Minas Gerais,Sudeste/Centro-Oeste,2024,6,5604390.684
Rio de Janeiro,Sudeste/Centro-Oeste,2024,6,3174054.153
Sao Paulo,Sudeste/Centro-Oeste,2024,6,12184664.9
Parana,Sul,2024,6,3165774.0
Rio Grande do Sul,Sul,2024,6,2432816.726
Santa Catarina,Sul,2024,6,2614662.653
Alagoas,Nordeste,2024,7,437674.653
Bahia,Nordeste,2024,7,2277251.521
Ceara,Nordeste,2024,7,1141769.214
Maranhao,Nordeste,2024,7,1239677.118
Pernambuco,Nordeste,2024,7,1230629.262
Piaui,Nordeste,2024,7,376578.569
Rio Grande do Norte,Nordeste,2024,7,480375.0
Sergipe,Nordeste,2024,7,326774.446
paraiba,Nordeste,2024,7,510096.57
Acre,Norte,2024,7,98613.80087759413
Amapa,Norte,2024,7,116886.065
Amazonas,Norte,2024,7,656672.0035599062
Para,Norte,2024,7,2015831.9952140006
Rondonia,Norte,2024,7,321603.8083484994
Tocantins,Norte,2024,7,260121.226
Distrito Federal,Sudeste/Centro-Oeste,2024,7,509100.198
Espirito Santo,Sudeste/Centro-Oeste,2024,7,1079355.548
Goias,Sudeste/Centro-Oeste,2024,7,1652789.009
Mato Grosso do Sul,Sudeste/Centro-Oeste,2024,7,551330.494
Mato Grosso do Sul,Sudeste/Centro-Oeste,2024,7,882541.202
Minas Gerais,Sudeste/Centro-Oeste,2024,7,5694551.066
Rio de Janeiro,Sudeste/Centro-Oeste,2024,7,3044350.258
Sao Paulo,Sudeste/Centro-Oeste,2024,7,11616457.666
Parana,Sul,2024,7,3170534.282
Rio Grande do Sul,Sul,2024,7,2489718.052
Santa Catarina,Sul,2024,7,2499170.868
Alagoas,Nordeste,2024,8,460318.251
Bahia,Nordeste,2024,8,2274255.755
Ceara,Nordeste,2024,8,1190545.221
Maranhao,Nordeste,2024,8,1274786.334
Pernambuco,Nordeste,2024,8,1265292.23
Piaui,Nordeste,2024,8,387287.116
Rio Grande do Norte,Nordeste,2024,8,487184.0
Sergipe,Nordeste,2024,8,334622.358
paraiba,Nordeste,2024,8,511261.947
Acre,Norte,2024,8,104472.07917465703
Amapa,Norte,2024,8,125070.531
Amazonas,Norte,2024,8,691348.8945175816
Para,Norte,2024,8,2052412.1213917264
Rondonia,Norte,2024,8,326371.1999160351
Tocantins,Norte,2024,8,262447.457
Distrito Federal,Sudeste/Centro-Oeste,2024,8,530243.553
Espirito Santo,Sudeste/Centro-Oeste,2024,8,1041707.517
Goias,Sudeste/Centro-Oeste,2024,8,1665784.086
Mato Grosso do Sul,Sudeste/Centro-Oeste,2024,8,560659.403
Mato Grosso do Sul,Sudeste/Centro-Oeste,2024,8,936424.678
Minas Gerais,Sudeste/Centro-Oeste,2024,8,5727643.657
Rio de Janeiro,Sudeste/Centro-Oeste,2024,8,3032068.933
Sao Paulo,Sudeste/Centro-Oeste,2024,8,12015116.607
Parana,Sul,2024,8,3213933.527
Rio Grande do Sul,Sul,2024,8,2780699.291
Santa Catarina,Sul,2024,8,2634444.669
Alagoas,Nordeste,2024,9,458290.762
Bahia,Nordeste,2024,9,2314194.407
Ceara,Nordeste,2024,9,1190325.805
Maranhao,Nordeste,2024,9,1308716.449
Pernambuco,Nordeste,2024,9,1275192.347
Piaui,Nordeste,2024,9,416967.131
Rio Grande do Norte,Nordeste,2024,9,507442.0
Sergipe,Nordeste,2024,9,337183.131
paraiba,Nordeste,2024,9,506194.318
Acre,Norte,2024,9,106183.94117242564
Amapa,Norte,2024,9,130816.788
Amazonas,Norte,2024,9,698486.3384209598
Para,Norte,2024,9,2032734.9292737118
Rondonia,Norte,2024,9,350071.05213290267
Tocantins,Norte,2024,9,283442.85
Distrito Federal,Sudeste/Centro-Oeste,2024,9,552742.381
Espirito Santo,Sudeste/Centro-Oeste,2024,9,1104105.694
Goias,Sudeste/Centro-Oeste,2024,9,1728561.373
Mato Grosso do Sul,Sudeste/Centro-Oeste,2024,9,548826.401
Mato Grosso do Sul,Sudeste/Centro-Oeste,2024,9,985363.593
Minas Gerais,Sudeste/Centro-Oeste,2024,9,5691257.132
Rio de Janeiro,Sudeste/Centro-Oeste,2024,9,3092391.839
Sao Paulo,Sudeste/Centro-Oeste,2024,9,12287612.588
Parana,Sul,2024,9,3203619.644
Rio Grande do Sul,Sul,2024,9,2588019.689
Santa Catarina,Sul,2024,9,2444175.359
Alagoas,Nordeste,2024,10,451738.399
Bahia,Nordeste,2024,10,2286144.034
Ceara,Nordeste,2024,10,1188821.571
Maranhao,Nordeste,2024,10,1355064.735
Pernambuco,Nordeste,2024,10,1270152.789
Piaui,Nordeste,2024,10,430611.794
Rio Grande do Norte,Nordeste,2024,10,500768.0
Sergipe,Nordeste,2024,10,352837.46
paraiba,Nordeste,2024,10,550471.432
Acre,Norte,2024,10,118641.83333745023
Amapa,Norte,2024,10,132938.341
Amazonas,Norte,2024,10,702218.1861715978
Para,Norte,2024,10,2037019.721480867
Rondonia,Norte,2024,10,366838.950010085
Tocantins,Norte,2024,10,305543.745
Distrito Federal,Sudeste/Centro-Oeste,2024,10,566541.499
Espirito Santo,Sudeste/Centro-Oeste,2024,10,1075462.305
Goias,Sudeste/Centro-Oeste,2024,10,1867675.796
Mato Grosso do Sul,Sudeste/Centro-Oeste,2024,10,601885.042
Mato Grosso do Sul,Sudeste/Centro-Oeste,2024,10,1106858.208
Minas Gerais,Sudeste/Centro-Oeste,2024,10,5958147.019
Rio de Janeiro,Sudeste/Centro-Oeste,2024,10,3273920.665
Sao Paulo,Sudeste/Centro-Oeste,2024,10,12776923.902
Parana,Sul,2024,10,3346728.444
Rio Grande do Sul,Sul,2024,10,2537101.19
Santa Catarina,Sul,2024,10,2564772.398
Alagoas,Nordeste,2024,11,490343.425
Bahia,Nordeste,2024,11,2401339.107
Ceara,Nordeste,2024,11,1260162.825
Maranhao,Nordeste,2024,11,1389585.709
Pernambuco,Nordeste,2024,11,1351540.475
Piaui,Nordeste,2024,11,444419.776
Rio Grande do Norte,Nordeste,2024,11,521928.0
Sergipe,Nordeste,2024,11,345636.103
paraiba,Nordeste,2024,11,545977.426
Acre,Norte,2024,11,107797.0373234549
Amapa,Norte,2024,11,131422.574
Amazonas,Norte,2024,11,666749.5967397712
Para,Norte,2024,11,2046850.3595060878
Rondonia,Norte,2024,11,331144.16043068614
Tocantins,Norte,2024,11,269165.744
Distrito Federal,Sudeste/Centro-Oeste,2024,11,567066.041
Espirito Santo,Sudeste/Centro-Oeste,2024,11,996572.984
Goias,Sudeste/Centro-Oeste,2024,11,1743867.378
Mato Grosso do Sul,Sudeste/Centro-Oeste,2024,11,589623.49
Mato Grosso do Sul,Sudeste/Centro-Oeste,2024,11,1007852.313
Minas Gerais,Sudeste/Centro-Oeste,2024,11,5463519.057
Rio de Janeiro,Sudeste/Centro-Oeste,2024,11,3170106.287
Sao Paulo,Sudeste/Centro-Oeste,2024,11,12587244.634
Parana,Sul,2024,11,3379204.644
Rio Grande do Sul,Sul,2024,11,2689926.767
Santa Catarina,Sul,2024,11,2602179.307
Alagoas,Nordeste,2024,12,541356.09
Bahia,Nordeste,2024,12,2361236.184
Ceara,Nordeste,2024,12,1202224.357
Maranhao,Nordeste,2024,12,1352833.21
Pernambuco,Nordeste,2024,12,1391177.826
Piaui,Nordeste,2024,12,426785.182
Rio Grande do Norte,Nordeste,2024,12,532543.0
Sergipe,Nordeste,2024,12,376018.01
paraiba,Nordeste,2024,12,579827.14
Acre,Norte,2024,12,105621.2470526507
Amapa,Norte,2024,12,122835.875
Amazonas,Norte,2024,12,617875.2880834019
Para,Norte,2024,12,2096362.5057908366
Rondonia,Norte,2024,12,319726.51607311115
Tocantins,Norte,2024,12,255770.818
Distrito Federal,Sudeste/Centro-Oeste,2024,12,557184.228
Espirito Santo,Sudeste/Centro-Oeste,2024,12,1162238.667
Goias,Sudeste/Centro-Oeste,2024,12,1706600.153
Mato Grosso do Sul,Sudeste/Centro-Oeste,2024,12,612664.13
Mato Grosso do Sul,Sudeste/Centro-Oeste,2024,12,907763.303
Minas Gerais,Sudeste/Centro-Oeste,2024,12,5644098.394
Rio de Janeiro,Sudeste/Centro-Oeste,2024,12,3134605.568
Sao Paulo,Sudeste/Centro-Oeste,2024,12,12542877.713
Parana,Sul,2024,12,3294464.182
Rio Grande do Sul,Sul,2024,12,2753942.671
Santa Catarina,Sul,2024,12,2534766.964
Alagoas,Nordeste,2025,1,496516.394
Bahia,Nordeste,2025,1,2288322.276
Ceara,Nordeste,2025,1,1223595.429
Maranhao,Nordeste,2025,1,1296920.363
Pernambuco,Nordeste,2025,1,1288423.653
Piaui,Nordeste,2025,1,394181.0
Rio Grande do Norte,Nordeste,2025,1,533550.0
Sergipe,Nordeste,2025,1,373579.392
paraiba,Nordeste,2025,1,582603.794
Acre,Norte,2025,1,104384.3609191098
Amapa,Norte,2025,1,111623.609
Amazonas,Norte,2025,1,603435.8363008396
Para,Norte,2025,1,2022716.4528487807
Rondonia,Norte,2025,1,304385.3309312703
Tocantins,Norte,2025,1,233691.923
Distrito Federal,Sudeste/Centro-Oeste,2025,1,506167.0
Espirito Santo,Sudeste/Centro-Oeste,2025,1,1122720.432
Goias,Sudeste/Centro-Oeste,2025,1,1632337.568
Mato Grosso do Sul,Sudeste/Centro-Oeste,2025,1,595393.042
Mato Grosso do Sul,Sudeste/Centro-Oeste,2025,1,883177.021
Minas Gerais,Sudeste/Centro-Oeste,2025,1,5576110.711
Rio de Janeiro,Sudeste/Centro-Oeste,2025,1,3436496.761
Sao Paulo,Sudeste/Centro-Oeste,2025,1,12423193.311
Parana,Sul,2025,1,3393396.645
Rio Grande do Sul,Sul,2025,1,2780461.526
Santa Catarina,Sul,2025,1,2709211.072
Alagoas,Nordeste,2025,2,477121.07
Bahia,Nordeste,2025,2,2275754.102
Ceara,Nordeste,2025,2,1174723.066
Maranhao,Nordeste,2025,2,1218536.754
Pernambuco,Nordeste,2025,2,1282369.303
Piaui,Nordeste,2025,2,363352.0
Rio Grande do Norte,Nordeste,2025,2,500048.0
Sergipe,Nordeste,2025,2,367761.48
paraiba,Nordeste,2025,2,550485.461
Acre,Norte,2025,2,102029.49468590213
Amapa,Norte,2025,2,106793.064
Amazonas,Norte,2025,2,586262.3156479545
Para,Norte,2025,2,1816599.8013125497
Rondonia,Norte,2025,2,303350.42535359366
Tocantins,Norte,2025,2,233468.373
Distrito Federal,Sudeste/Centro-Oeste,2025,2,543253.0
Espirito Santo,Sudeste/Centro-Oeste,2025,2,1151443.441
Goias,Sudeste/Centro-Oeste,2025,2,1640047.379
Mato Grosso do Sul,Sudeste/Centro-Oeste,2025,2,629392.684
Mato Grosso do Sul,Sudeste/Centro-Oeste,2025,2,887593.755
Minas Gerais,Sudeste/Centro-Oeste,2025,2,5339797.644
Rio de Janeiro,Sudeste/Centro-Oeste,2025,2,3621625.092
Sao Paulo,Sudeste/Centro-Oeste,2025,2,12763744.125
Parana,Sul,2025,2,3537244.184
Rio Grande do Sul,Sul,2025,2,3201647.384
Santa Catarina,Sul,2025,2,2964183.834
Alagoas,Nordeste,2025,3,502145.662
Bahia,Nordeste,2025,3,2348196.77
Ceara,Nordeste,2025,3,1133106.156
Maranhao,Nordeste,2025,3,1276307.166
Pernambuco,Nordeste,2025,3,1300594.816
Piaui,Nordeste,2025,3,365623.0
Rio Grande do Norte,Nordeste,2025,3,501678.0
Sergipe,Nordeste,2025,3,373161.679
paraiba,Nordeste,2025,3,561491.299
Acre,Norte,2025,3,101403.33169410811
Amapa,Norte,2025,3,103573.719
Amazonas,Norte,2025,3,601869.6003632419
Para,Norte,2025,3,1921499.39373986
Rondonia,Norte,2025,3,308597.30420279
Tocantins,Norte,2025,3,251261.093
Distrito Federal,Sudeste/Centro-Oeste,2025,3,571936.0
Espirito Santo,Sudeste/Centro-Oeste,2025,3,1179957.25
Goias,Sudeste/Centro-Oeste,2025,3,1722041.575
Mato Grosso do Sul,Sudeste/Centro-Oeste,2025,3,633425.304
Mato Grosso do Sul,Sudeste/Centro-Oeste,2025,3,930061.96
Minas Gerais,Sudeste/Centro-Oeste,2025,3,5946602.534
Rio de Janeiro,Sudeste/Centro-Oeste,2025,3,3703449.989
Sao Paulo,Sudeste/Centro-Oeste,2025,3,12923382.243
Parana,Sul,2025,3,3695064.59
Rio Grande do Sul,Sul,2025,3,3088918.254
Santa Catarina,Sul,2025,3,2965113.37
Alagoas,Nordeste,2025,4,481264.917
Bahia,Nordeste,2025,4,2392000.792
Ceara,Nordeste,2025,4,1146445.204
Maranhao,Nordeste,2025,4,1312810.999
Pernambuco,Nordeste,2025,4,1307131.626
Piaui,Nordeste,2025,4,383885.0
Rio Grande do Norte,Nordeste,2025,4,495492.0
Sergipe,Nordeste,2025,4,373995.474
paraiba,Nordeste,2025,4,558566.143
Acre,Norte,2025,4,102628.1684260581
Amapa,Norte,2025,4,111594.615
Amazonas,Norte,2025,4,612516.2885548301
Para,Norte,2025,4,1991281.3576433696
Rondonia,Norte,2025,4,303399.4873757421
Tocantins,Norte,2025,4,269142.48
Distrito Federal,Sudeste/Centro-Oeste,2025,4,549810.0
Espirito Santo,Sudeste/Centro-Oeste,2025,4,1072921.631
Goias,Sudeste/Centro-Oeste,2025,4,1774635.259
Mato Grosso do Sul,Sudeste/Centro-Oeste,2025,4,597367.539
Mato Grosso do Sul,Sudeste/Centro-Oeste,2025,4,930600.559
Minas Gerais,Sudeste/Centro-Oeste,2025,4,5634864.93
Rio de Janeiro,Sudeste/Centro-Oeste,2025,4,3311244.872
Sao Paulo,Sudeste/Centro-Oeste,2025,4,12335973.997
Parana,Sul,2025,4,3384173.419
Rio Grande do Sul,Sul,2025,4,2738836.879
Santa Catarina,Sul,2025,4,2620630.658
Alagoas,Nordeste,2025,5,498810.481
Bahia,Nordeste,2025,5,2357209.587
Ceara,Nordeste,2025,5,1230944.28
Maranhao,Nordeste,2025,5,1384772.271
Pernambuco,Nordeste,2025,5,1341068.853
Piaui,Nordeste,2025,5,410201.0
Rio Grande do Norte,Nordeste,2025,5,525864.0
Sergipe,Nordeste,2025,5,376105.792
paraiba,Nordeste,2025,5,584841.787
Acre,Norte,2025,5,109359.33338085584
Amapa,Norte,2025,5,111931.327
Amazonas,Norte,2025,5,647998.1097662331
Para,Norte,2025,5,2021554.3213238006
Rondonia,Norte,2025,5,335432.81852911046
Tocantins,Norte,2025,5,278468.893
Distrito Federal,Sudeste/Centro-Oeste,2025,5,544717.0
Espirito Santo,Sudeste/Centro-Oeste,2025,5,1068014.808
Goias,Sudeste/Centro-Oeste,2025,5,1698614.358
Mato Grosso do Sul,Sudeste/Centro-Oeste,2025,5,546287.119
Mato Grosso do Sul,Sudeste/Centro-Oeste,2025,5,958329.164
Minas Gerais,Sudeste/Centro-Oeste,2025,5,5665591.548
Rio de Janeiro,Sudeste/Centro-Oeste,2025,5,3100288.959
Sao Paulo,Sudeste/Centro-Oeste,2025,5,12225580.167
Parana,Sul,2025,5,3246306.646
Rio Grande do Sul,Sul,2025,5,2626442.275
Santa Catarina,Sul,2025,5,2545877.188
Alagoas,Nordeste,2025,6,429417.133
Bahia,Nordeste,2025,6,2279937.015
Ceara,Nordeste,2025,6,1201127.206
Maranhao,Nordeste,2025,6,1347473.033
Pernambuco,Nordeste,2025,6,1238891.798
Piaui,Nordeste,2025,6,411563.0
Rio Grande do Norte,Nordeste,2025,6,501473.0
Sergipe,Nordeste,2025,6,334427.157
paraiba,Nordeste,2025,6,534349.266
Acre,Norte,2025,6,101944.5832610257
Amapa,Norte,2025,6,113257.348
Amazonas,Norte,2025,6,622085.7758375106
Para,Norte,2025,6,2016262.4785865538
Rondonia,Norte,2025,6,319430.35531490995
Tocantins,Norte,2025,6,282189.932
Distrito Federal,Sudeste/Centro-Oeste,2025,6,522435.0
Espirito Santo,Sudeste/Centro-Oeste,2025,6,982675.485
Goias,Sudeste/Centro-Oeste,2025,6,1715061.057
Mato Grosso do Sul,Sudeste/Centro-Oeste,2025,6,503546.622
Mato Grosso do Sul,Sudeste/Centro-Oeste,2025,6,889878.629
Minas Gerais,Sudeste/Centro-Oeste,2025,6,5580803.044
Rio de Janeiro,Sudeste/Centro-Oeste,2025,6,2926260.237
Sao Paulo,Sudeste/Centro-Oeste,2025,6,11753258.268
Parana,Sul,2025,6,3160836.378
Rio Grande do Sul,Sul,2025,6,2615936.87
Santa Catarina,Sul,2025,6,2478717.394
Alagoas,Nordeste,2025,7,411264.086
Bahia,Nordeste,2025,7,2215199.109
Ceara,Nordeste,2025,7,1157844.202
Maranhao,Nordeste,2025,7,1378997.773
Pernambuco,Nordeste,2025,7,1225399.364
Piaui,Nordeste,2025,7,415647.0
Rio Grande do Norte,Nordeste,2025,7,483045.0
Sergipe,Nordeste,2025,7,341860.288
paraiba,Nordeste,2025,7,532315.581
Acre,Norte,2025,7,94775.82542430231
Amapa,Norte,2025,7,113507.65
Amazonas,Norte,2025,7,649927.7613400454
Para,Norte,2025,7,2071725.3732712117
Rondonia,Norte,2025,7,313557.69096444047
Tocantins,Norte,2025,7,276582.039
Distrito Federal,Sudeste/Centro-Oeste,2025,7,502775.5
Espirito Santo,Sudeste/Centro-Oeste,2025,7,1001267.278
Goias,Sudeste/Centro-Oeste,2025,7,1665211.356
Mato Grosso do Sul,Sudeste/Centro-Oeste,2025,7,494914.449
Mato Grosso do Sul,Sudeste/Centro-Oeste,2025,7,894043.353
Minas Gerais,Sudeste/Centro-Oeste,2025,7,5636514.984
Rio de Janeiro,Sudeste/Centro-Oeste,2025,7,2831821.756
Sao Paulo,Sudeste/Centro-Oeste,2025,7,11847752.594
Parana,Sul,2025,7,3232354.087
Rio Grande do Sul,Sul,2025,7,2766216.447
Santa Catarina,Sul,2025,7,2518411.387
Alagoas,Nordeste,2025,8,405382.543
Bahia,Nordeste,2025,8,2259920.269
Ceara,Nordeste,2025,8,1183345.601
Maranhao,Nordeste,2025,8,1380093.359
Pernambuco,Nordeste,2025,8,1233287.144
Piaui,Nordeste,2025,8,427219.0
Rio Grande do Norte,Nordeste,2025,8,503138.0
Sergipe,Nordeste,2025,8,343544.546
paraiba,Nordeste,2025,8,543539.978
Acre,Norte,2025,8,105742.77969644633
Amapa,Norte,2025,8,122670.817
Amazonas,Norte,2025,8,670898.2954087601
Para,Norte,2025,8,2137938.102463597
Rondonia,Norte,2025,8,336134.28043119656
Tocantins,Norte,2025,8,280903.603
Distrito Federal,Sudeste/Centro-Oeste,2025,8,535519.0
Espirito Santo,Sudeste/Centro-Oeste,2025,8,1065716.035
Goias,Sudeste/Centro-Oeste,2025,8,1680620.73
Mato Grosso do Sul,Sudeste/Centro-Oeste,2025,8,508160.163
Mato Grosso do Sul,Sudeste/Centro-Oeste,2025,8,997345.886
Minas Gerais,Sudeste/Centro-Oeste,2025,8,5590628.569
Rio de Janeiro,Sudeste/Centro-Oeste,2025,8,2849733.899
Sao Paulo,Sudeste/Centro-Oeste,2025,8,11989330.035
Parana,Sul,2025,8,3191773.548
Rio Grande do Sul,Sul,2025,8,2729162.708
Santa Catarina,Sul,2025,8,2358664.798
