scenario,subsystem,year,month,demand_mw
inferior,NORTE,2025,1,7683.487104415934
inferior,NORTE,2025,2,7955.796732151917
inferior,NORTE,2025,3,7728.52454420423
inferior,NORTE,2025,4,7848.323950281899
inferior,NORTE,2025,5,7946.839344435328
inferior,NORTE,2025,6,8273.932567302296
inferior,NORTE,2025,7,8285.450514181703
inferior,NORTE,2025,8,8642.258558022357
inferior,NORTE,2025,9,9007.057027250119
inferior,NORTE,2025,10,8868.820256728553
inferior,NORTE,2025,11,8902.16105685792
inferior,NORTE,2025,12,8592.733915124596
inferior,NORTE,2026,1,7906.308230443995
inferior,NORTE,2026,2,8186.514837384323
inferior,NORTE,2026,3,7952.651755986152
inferior,NORTE,2026,4,8075.925344840072
inferior,NORTE,2026,5,8177.297685423951
inferior,NORTE,2026,6,8513.87661175406
inferior,NORTE,2026,7,8525.728579092969
inferior,NORTE,2026,8,8892.884056205005
inferior,NORTE,2026,9,9268.261681040372
inferior,NORTE,2026,10,9126.016044173684
inferior,NORTE,2026,11,9160.3237275068
inferior,NORTE,2026,12,8841.923198663208
inferior,NORTE,2027,1,8135.591169126871
inferior,NORTE,2027,2,8423.92376766847
inferior,NORTE,2027,3,8183.278656909752
inferior,NORTE,2027,4,8310.127179840436
inferior,NORTE,2027,5,8414.439318301245
inferior,NORTE,2027,6,8760.77903349493
inferior,NORTE,2027,7,8772.974707886666
inferior,NORTE,2027,8,9150.777693834947
inferior,NORTE,2027,9,9537.041269790543
inferior,NORTE,2027,10,9390.67050945472
inferior,NORTE,2027,11,9425.973115604495
inferior,NORTE,2027,12,9098.33897142444
inferior,NORTE,2028,1,8371.52331303155
inferior,NORTE,2028,2,8668.217556930853
inferior,NORTE,2028,3,8420.593737960133
inferior,NORTE,2028,4,8551.120868055808
inferior,NORTE,2028,5,8658.45805853198
inferior,NORTE,2028,6,9014.84162546628
inferior,NORTE,2028,7,9027.390974415377
inferior,NORTE,2028,8,9416.15024695616
inferior,NORTE,2028,9,9813.615466614468
inferior,NORTE,2028,10,9662.999954228906
inferior,NORTE,2028,11,9699.326335957025
inferior,NORTE,2028,12,9362.190801595749
inferior,NORDESTE,2025,1,13371.451318117231
inferior,NORDESTE,2025,2,14076.765687771665
inferior,NORDESTE,2025,3,13388.776130948914
inferior,NORDESTE,2025,4,13528.132361792084
inferior,NORDESTE,2025,5,13099.76210602714
inferior,NORDESTE,2025,6,13322.027263505279
inferior,NORDESTE,2025,7,12914.432219159911
inferior,NORDESTE,2025,8,13203.65001979242
inferior,NORDESTE,2025,9,14033.430742069322
inferior,NORDESTE,2025,10,14106.423156214403
inferior,NORDESTE,2025,11,14732.661530306123
inferior,NORDESTE,2025,12,14382.56301605343
inferior,NORDESTE,2026,1,13759.22340634263
inferior,NORDESTE,2026,2,14484.991892717046
inferior,NORDESTE,2026,3,13777.050638746434
inferior,NORDESTE,2026,4,13920.448200284054
inferior,NORDESTE,2026,5,13479.655207101925
inferior,NORDESTE,2026,6,13708.36605414693
inferior,NORDESTE,2026,7,13288.950753515544
inferior,NORDESTE,2026,8,13586.555870366397
inferior,NORDESTE,2026,9,14440.40023358933
inferior,NORDESTE,2026,10,14515.509427744622
inferior,NORDESTE,2026,11,15159.908714684998
inferior,NORDESTE,2026,12,14799.657343518978
inferior,NORDESTE,2027,1,14158.240885126566
inferior,NORDESTE,2027,2,14905.056657605837
inferior,NORDESTE,2027,3,14176.585107270079
inferior,NORDESTE,2027,4,14324.141198092291
inferior,NORDESTE,2027,5,13870.565208107879
inferior,NORDESTE,2027,6,14105.908669717192
inferior,NORDESTE,2027,7,13674.330325367497
inferior,NORDESTE,2027,8,13980.565990607021
inferior,NORDESTE,2027,9,14859.17184036342
inferior,NORDESTE,2027,10,14936.459201149215
inferior,NORDESTE,2027,11,15599.546067410862
inferior,NORDESTE,2027,12,15228.847406481029
inferior,NORDESTE,2028,1,14568.829870795234
inferior,NORDESTE,2028,2,15337.303300676405
inferior,NORDESTE,2028,3,14587.70607538091
inferior,NORDESTE,2028,4,14739.541292836968
inferior,NORDESTE,2028,5,14272.811599143006
inferior,NORDESTE,2028,6,14514.98002113899
inferior,NORDESTE,2028,7,14070.885904803152
inferior,NORDESTE,2028,8,14386.002404334624
inferior,NORDESTE,2028,9,15290.087823733957
inferior,NORDESTE,2028,10,15369.616517982544
inferior,NORDESTE,2028,11,16051.932903365774
inferior,NORDESTE,2028,12,15670.483981268977
inferior,SUDESTE,2025,1,45219.96715254713
inferior,SUDESTE,2025,2,48975.91212866936
inferior,SUDESTE,2025,3,47318.27334004549
inferior,SUDESTE,2025,4,47361.845317652245
inferior,SUDESTE,2025,5,44417.48835878441
inferior,SUDESTE,2025,6,45048.998678642245
inferior,SUDESTE,2025,7,43677.87387598043
inferior,SUDESTE,2025,8,45055.133863689516
inferior,SUDESTE,2025,9,47884.412634237655
inferior,SUDESTE,2025,10,48089.36915206708
inferior,SUDESTE,2025,11,48795.96946360953
inferior,SUDESTE,2025,12,47924.96169942807
inferior,SUDESTE,2026,1,46395.686298513356
inferior,SUDESTE,2026,2,50249.285844014754
inferior,SUDESTE,2026,3,48548.54844688667
inferior,SUDESTE,2026,4,48593.2532959112
inferior,SUDESTE,2026,5,45572.34305611281
inferior,SUDESTE,2026,6,46220.27264428695
inferior,SUDESTE,2026,7,44813.49859675591
inferior,SUDESTE,2026,8,46226.56734414545
inferior,SUDESTE,2026,9,49129.40736272784
inferior,SUDESTE,2026,10,49339.69275002082
inferior,SUDESTE,2026,11,50064.66466966338
inferior,SUDESTE,2026,12,49171.0107036132
inferior,SUDESTE,2027,1,47601.9741422747
inferior,SUDESTE,2027,2,51555.767275959144
inferior,SUDESTE,2027,3,49810.81070650572
inferior,SUDESTE,2027,4,49856.6778816049
inferior,SUDESTE,2027,5,46757.223975571746
inferior,SUDESTE,2027,6,47421.999733038414
inferior,SUDESTE,2027,7,45978.64956027157
inferior,SUDESTE,2027,8,47428.45809509323
inferior,SUDESTE,2027,9,50406.771954158765
inferior,SUDESTE,2027,10,50622.52476152136
inferior,SUDESTE,2027,11,51366.34595107463
inferior,SUDESTE,2027,12,50449.45698190714
inferior,SUDESTE,2028,1,48839.62546997385
inferior,SUDESTE,2028,2,52896.21722513409
inferior,SUDESTE,2028,3,51105.891784874875
inferior,SUDESTE,2028,4,51152.95150652663
inferior,SUDESTE,2028,5,47972.911798936606
inferior,SUDESTE,2028,6,48654.971726097414
inferior,SUDESTE,2028,7,47174.09444883863
inferior,SUDESTE,2028,8,48661.598005565655
inferior,SUDESTE,2028,9,51717.348024966894
inferior,SUDESTE,2028,10,51938.71040532092
inferior,SUDESTE,2028,11,52701.87094580257
inferior,SUDESTE,2028,12,51761.14286343673
inferior,SUL,2025,1,14531.48432290264
inferior,SUL,2025,2,16140.501517981667
inferior,SUL,2025,3,15114.84596178757
inferior,SUL,2025,4,14748.158355283871
inferior,SUL,2025,5,13340.358589167705
inferior,SUL,2025,6,13585.808204945257
inferior,SUL,2025,7,13392.601535280184
inferior,SUL,2025,8,13711.655568787488
inferior,SUL,2025,9,14001.431873875643
inferior,SUL,2025,10,13816.671386453316
inferior,SUL,2025,11,14534.966383522
inferior,SUL,2025,12,14550.829007541106
inferior,SUL,2026,1,14967.42885258972
inferior,SUL,2026,2,16624.716563521117
inferior,SUL,2026,3,15568.291340641199
inferior,SUL,2026,4,15190.60310594239
inferior,SUL,2026,5,13740.569346842738
inferior,SUL,2026,6,13993.382451093616
inferior,SUL,2026,7,13794.37958133859
inferior,SUL,2026,8,14123.005235851115
inferior,SUL,2026,9,14421.474830091913
inferior,SUL,2026,10,14231.171528046916
inferior,SUL,2026,11,14971.015375027662
inferior,SUL,2026,12,14987.353877767338
inferior,SUL,2027,1,15416.45171816741
inferior,SUL,2027,2,17123.45806042675
inferior,SUL,2027,3,16035.340080860438
inferior,SUL,2027,4,15646.321199120659
inferior,SUL,2027,5,14152.786427248022
inferior,SUL,2027,6,14413.183924626424
inferior,SUL,2027,7,14208.210968778747
inferior,SUL,2027,8,14546.695392926647
inferior,SUL,2027,9,14854.11907499467
inferior,SUL,2027,10,14658.106673888324
inferior,SUL,2027,11,15420.145836278492
inferior,SUL,2027,12,15436.974494100361
inferior,SUL,2028,1,15878.94526971243
inferior,SUL,2028,2,17637.161802239552
inferior,SUL,2028,3,16516.40028328625
inferior,SUL,2028,4,16115.710835094278
inferior,SUL,2028,5,14577.370020065462
inferior,SUL,2028,6,14845.579442365217
inferior,SUL,2028,7,14634.457297842111
inferior,SUL,2028,8,14983.096254714448
inferior,SUL,2028,9,15299.742647244511
inferior,SUL,2028,10,15097.849874104977
inferior,SUL,2028,11,15882.750211366847
inferior,SUL,2028,12,15900.083728923373
referencia,NORTE,2025,1,7777.188166664908
referencia,NORTE,2025,2,8055.422630157015
referencia,NORTE,2025,3,7827.834859297803
referencia,NORTE,2025,4,7951.744140398533
referencia,NORTE,2025,5,8054.161286263422
referencia,NORTE,2025,6,8388.383517211245
referencia,NORTE,2025,7,8402.777060595843
referencia,NORTE,2025,8,8767.47186587104
referencia,NORTE,2025,9,9140.510466268217
referencia,NORTE,2025,10,9003.135848146234
referencia,NORTE,2025,11,9039.903813466133
referencia,NORTE,2025,12,8728.510487069008
referencia,NORTE,2026,1,8033.83537616485
referencia,NORTE,2026,2,8321.251576952196
referencia,NORTE,2026,3,8086.153409654629
referencia,NORTE,2026,4,8214.15169703168
referencia,NORTE,2026,5,8319.948608710112
referencia,NORTE,2026,6,8665.200173279214
referencia,NORTE,2026,7,8680.068703595505
referencia,NORTE,2026,8,9056.798437444784
referencia,NORTE,2026,9,9442.147311655068
referencia,NORTE,2026,10,9300.239331135059
referencia,NORTE,2026,11,9338.220639310515
referencia,NORTE,2026,12,9016.551333142286
referencia,NORTE,2027,1,8298.95194357829
referencia,NORTE,2027,2,8595.85287899162
referencia,NORTE,2027,3,8352.996472173232
referencia,NORTE,2027,4,8485.218703033728
referencia,NORTE,2027,5,8594.506912797546
referencia,NORTE,2027,6,8951.151778997428
referencia,NORTE,2027,7,8966.510970814155
referencia,NORTE,2027,8,9355.672785880462
referencia,NORTE,2027,9,9753.738172939684
referencia,NORTE,2027,10,9607.147229062517
referencia,NORTE,2027,11,9646.38192040776
referencia,NORTE,2027,12,9314.09752713598
referencia,NORTE,2028,1,8572.81735771637
referencia,NORTE,2028,2,8879.516023998342
referencia,NORTE,2028,3,8628.645355754948
referencia,NORTE,2028,4,8765.23092023384
referencia,NORTE,2028,5,8878.125640919863
referencia,NORTE,2028,6,9246.539787704343
referencia,NORTE,2028,7,9262.405832851022
referencia,NORTE,2028,8,9664.409987814517
referencia,NORTE,2028,9,10075.611532646693
referencia,NORTE,2028,10,9924.183087621579
referencia,NORTE,2028,11,9964.712523781214
referencia,NORTE,2028,12,9621.462745531468
referencia,NORDESTE,2025,1,13569.54689320045
referencia,NORDESTE,2025,2,14294.532689540783
referencia,NORDESTE,2025,3,13604.677216468455
referencia,NORDESTE,2025,4,13755.15497769194
referencia,NORDESTE,2025,5,13328.194896244631
referencia,NORDESTE,2025,6,13563.086320612221
referencia,NORDESTE,2025,7,13156.604110328664
referencia,NORDESTE,2025,8,13459.929201798388
referencia,NORDESTE,2025,9,14315.051300368512
referencia,NORDESTE,2025,10,14398.798107420993
referencia,NORDESTE,2025,11,15047.724387458242
referencia,NORDESTE,2025,12,14699.622574790397
referencia,NORDESTE,2026,1,14071.620128248866
referencia,NORDESTE,2026,2,14823.430399053792
referencia,NORDESTE,2026,3,14108.05027347779
referencia,NORDESTE,2026,4,14264.09571186654
referencia,NORDESTE,2026,5,13821.338107405683
referencia,NORDESTE,2026,6,14064.920514474874
referencia,NORDESTE,2026,7,13643.398462410827
referencia,NORDESTE,2026,8,13957.946582264925
referencia,NORDESTE,2026,9,14844.708198482147
referencia,NORDESTE,2026,10,14931.553637395567
referencia,NORDESTE,2026,11,15604.490189794195
referencia,NORDESTE,2026,12,15243.508610057639
referencia,NORDESTE,2027,1,14592.270072994072
referencia,NORDESTE,2027,2,15371.897323818783
referencia,NORDESTE,2027,3,14630.048133596465
referencia,NORDESTE,2027,4,14791.867253205604
referencia,NORDESTE,2027,5,14332.72761737969
referencia,NORDESTE,2027,6,14585.322573510442
referencia,NORDESTE,2027,7,14148.204205520024
referencia,NORDESTE,2027,8,14474.390605808729
referencia,NORDESTE,2027,9,15393.962401825986
referencia,NORDESTE,2027,10,15484.021121979202
referencia,NORDESTE,2027,11,16181.85632681658
referencia,NORDESTE,2027,12,15807.51842862977
referencia,NORDESTE,2028,1,15132.184065694853
referencia,NORDESTE,2028,2,15940.657524800077
referencia,NORDESTE,2028,3,15171.359914539535
referencia,NORDESTE,2028,4,15339.166341574206
referencia,NORDESTE,2028,5,14863.03853922274
referencia,NORDESTE,2028,6,15124.979508730328
referencia,NORDESTE,2028,7,14671.687761124265
referencia,NORDESTE,2028,8,15009.94305822365
referencia,NORDESTE,2028,9,15963.539010693545
referencia,NORDESTE,2028,10,16056.929903492432
referencia,NORDESTE,2028,11,16780.58501090879
referencia,NORDESTE,2028,12,16392.39661048907
referencia,SUDESTE,2025,1,45514.24025766132
referencia,SUDESTE,2025,2,49314.60175229486
referencia,SUDESTE,2025,3,47664.8058020411
referencia,SUDESTE,2025,4,47728.02861190996
referencia,SUDESTE,2025,5,44779.04431526182
referencia,SUDESTE,2025,6,45434.09769801599
referencia,SUDESTE,2025,7,44069.101632086895
referencia,SUDESTE,2025,8,45477.11792430909
referencia,SUDESTE,2025,9,48352.48023706158
referencia,SUDESTE,2025,10,48579.11665383935
referencia,SUDESTE,2025,11,49312.886727467136
referencia,SUDESTE,2025,12,48452.27707798928
referencia,SUDESTE,2026,1,46925.181705648814
referencia,SUDESTE,2026,2,50843.354406615996
referencia,SUDESTE,2026,3,49142.414781904365
referencia,SUDESTE,2026,4,49207.59749887918
referencia,SUDESTE,2026,5,46167.19468903493
referencia,SUDESTE,2026,6,46842.55472665448
referencia,SUDESTE,2026,7,45435.24378268159
referencia,SUDESTE,2026,8,46886.90857996266
referencia,SUDESTE,2026,9,49851.407124410485
referencia,SUDESTE,2026,10,50085.069270108375
referencia,SUDESTE,2026,11,50841.58621601862
referencia,SUDESTE,2026,12,49954.29766740694
referencia,SUDESTE,2027,1,48379.862338523926
referencia,SUDESTE,2027,2,52419.498393221096
referencia,SUDESTE,2027,3,50665.8296401434
referencia,SUDESTE,2027,4,50733.03302134443
referencia,SUDESTE,2027,5,47598.377724395
referencia,SUDESTE,2027,6,48294.673923180766
referencia,SUDESTE,2027,7,46843.73633994471
referencia,SUDESTE,2027,8,48340.4027459415
referencia,SUDESTE,2027,9,51396.800745267195
referencia,SUDESTE,2027,10,51637.70641748172
referencia,SUDESTE,2027,11,52417.67538871519
referencia,SUDESTE,2027,12,51502.880895096554
referencia,SUDESTE,2028,1,49879.63807101816
referencia,SUDESTE,2028,2,54044.50284341093
referencia,SUDESTE,2028,3,52236.47035898784
referencia,SUDESTE,2028,4,52305.757045006096
referencia,SUDESTE,2028,5,49073.92743385125
referencia,SUDESTE,2028,6,49791.80881479937
referencia,SUDESTE,2028,7,48295.892166483
referencia,SUDESTE,2028,8,49838.95523106569
referencia,SUDESTE,2028,9,52990.10156837048
referencia,SUDESTE,2028,10,53238.47531642365
referencia,SUDESTE,2028,11,54042.623325765366
referencia,SUDESTE,2028,12,53099.47020284455
referencia,SUL,2025,1,14634.544495405495
referencia,SUL,2025,2,16262.842934125443
referencia,SUL,2025,3,15236.786390420672
referencia,SUL,2025,4,14874.338358530731
referencia,SUL,2025,5,13461.007892183741
referencia,SUL,2025,6,13715.314333910988
referencia,SUL,2025,7,13526.81170765162
referencia,SUL,2025,8,13855.76801432503
referencia,SUL,2025,9,14155.439908571832
referencia,SUL,2025,10,13975.410017042128
referencia,SUL,2025,11,14709.075336190033
referencia,SUL,2025,12,14732.257078993374
referencia,SUL,2026,1,15161.388097240093
referencia,SUL,2026,2,16848.305279753957
referencia,SUL,2026,3,15785.310700475817
referencia,SUL,2026,4,15409.81453943784
referencia,SUL,2026,5,13945.604176302357
referencia,SUL,2026,6,14209.065649931785
referencia,SUL,2026,7,14013.77692912708
referencia,SUL,2026,8,14354.575662840733
referencia,SUL,2026,9,14665.03574528042
referencia,SUL,2026,10,14478.524777655644
referencia,SUL,2026,11,15238.602048292876
referencia,SUL,2026,12,15262.618333837136
referencia,SUL,2027,1,15707.198068740736
referencia,SUL,2027,2,17454.844269825102
referencia,SUL,2027,3,16353.581885692945
referencia,SUL,2027,4,15964.567862857604
referencia,SUL,2027,5,14447.645926649242
referencia,SUL,2027,6,14720.592013329333
referencia,SUL,2027,7,14518.272898575655
referencia,SUL,2027,8,14871.340386703
referencia,SUL,2027,9,15192.977032110513
referencia,SUL,2027,10,14999.751669651247
referencia,SUL,2027,11,15787.191722031419
referencia,SUL,2027,12,15812.072593855271
referencia,SUL,2028,1,16272.657199215402
referencia,SUL,2028,2,18083.218663538806
referencia,SUL,2028,3,16942.310833577892
referencia,SUL,2028,4,16539.292305920477
referencia,SUL,2028,5,14967.761180008614
referencia,SUL,2028,6,15250.533325809187
referencia,SUL,2028,7,15040.930722924377
referencia,SUL,2028,8,15406.708640624307
referencia,SUL,2028,9,15739.924205266494
referencia,SUL,2028,10,15539.742729758691
referencia,SUL,2028,11,16355.530624024552
referencia,SUL,2028,12,16381.307207234064
superior,NORTE,2025,1,7777.188166664908
superior,NORTE,2025,2,8060.602991775668
superior,NORTE,2025,3,7837.9061010191945
superior,NORTE,2025,4,7967.095069256771
superior,NORTE,2025,5,8074.899482179388
superior,NORTE,2025,6,8415.390658076269
superior,NORTE,2025,7,8435.25168234133
superior,NORTE,2025,8,8807.016005252768
superior,NORTE,2025,9,9187.641813821914
superior,NORTE,2025,10,9055.378529615778
superior,NORTE,2025,11,9098.207054723203
superior,NORTE,2025,12,8790.454804285122
superior,NORTE,2026,1,8096.052881498169
superior,NORTE,2026,2,8391.08771443847
superior,NORTE,2026,3,8159.260251160982
superior,NORTE,2026,4,8293.7459670963
superior,NORTE,2026,5,8405.97036094874
superior,NORTE,2026,6,8760.421675057394
superior,NORTE,2026,7,8781.097001317323
superior,NORTE,2026,8,9168.10366146813
superior,NORTE,2026,9,9564.335128188613
superior,NORTE,2026,10,9426.649049330026
superior,NORTE,2026,11,9471.233543966855
superior,NORTE,2026,12,9150.863451260811
superior,NORTE,2027,1,8427.991049639593
superior,NORTE,2027,2,8735.122310730445
superior,NORTE,2027,3,8493.789921458581
superior,NORTE,2027,4,8633.789551747246
superior,NORTE,2027,5,8750.615145747637
superior,NORTE,2027,6,9119.598963734748
superior,NORTE,2027,7,9141.121978371331
superior,NORTE,2027,8,9543.995911588323
superior,NORTE,2027,9,9956.472868444345
superior,NORTE,2027,10,9813.141660352556
superior,NORTE,2027,11,9859.554119269495
superior,NORTE,2027,12,9526.048852762502
superior,NORTE,2028,1,8773.538682674816
superior,NORTE,2028,2,9093.262325470392
superior,NORTE,2028,3,8842.035308238383
superior,NORTE,2028,4,8987.774923368883
superior,NORTE,2028,5,9109.390366723292
superior,NORTE,2028,6,9493.50252124787
superior,NORTE,2028,7,9515.907979484557
superior,NORTE,2028,8,9935.299743963444
superior,NORTE,2028,9,10364.688256050564
superior,NORTE,2028,10,10215.480468427011
superior,NORTE,2028,11,10263.795838159544
superior,NORTE,2028,12,9916.616855725764
superior,NORDESTE,2025,1,13569.54689320045
superior,NORDESTE,2025,2,14339.688184808456
superior,NORDESTE,2025,3,13690.765549510084
superior,NORDESTE,2025,4,13885.922102833878
superior,NORDESTE,2025,5,13497.406169086738
superior,NORDESTE,2025,6,13778.668565117387
superior,NORDESTE,2025,7,13407.946864115253
superior,NORDESTE,2025,8,13760.397972595849
superior,NORDESTE,2025,9,14680.838912390227
superior,NORDESTE,2025,10,14813.372795038938
superior,NORDESTE,2025,11,15529.886577832476
superior,NORDESTE,2025,12,15218.553849395354
superior,NORDESTE,2026,1,14614.402003976884
superior,NORDESTE,2026,2,15443.844175038708
superior,NORDESTE,2026,3,14744.954496822362
superior,NORDESTE,2026,4,14955.138104752088
superior,NORDESTE,2026,5,14536.706444106418
superior,NORDESTE,2026,6,14839.626044631426
superior,NORDESTE,2026,7,14440.358772652127
superior,NORDESTE,2026,8,14819.94861648573
superior,NORDESTE,2026,9,15811.263508644273
superior,NORDESTE,2026,10,15954.002500256933
superior,NORDESTE,2026,11,16725.687844325574
superior,NORDESTE,2026,12,16390.382495798793
superior,NORDESTE,2027,1,15739.710958283104
superior,NORDESTE,2027,2,16633.020176516686
superior,NORDESTE,2027,3,15880.315993077682
superior,NORDESTE,2027,4,16106.683738818
superior,NORDESTE,2027,5,15656.032840302612
superior,NORDESTE,2027,6,15982.277250068046
superior,NORDESTE,2027,7,15552.266398146341
superior,NORDESTE,2027,8,15961.08465995513
superior,NORDESTE,2027,9,17028.730798809884
superior,NORDESTE,2027,10,17182.460692776716
superior,NORDESTE,2027,11,18013.56580833864
superior,NORDESTE,2027,12,17652.4419479753
superior,NORDESTE,2028,1,16951.6687020709
superior,NORDESTE,2028,2,17913.76273010847
superior,NORDESTE,2028,3,17103.100324544666
superior,NORDESTE,2028,4,17346.898386706984
superior,NORDESTE,2028,5,16861.54736900591
superior,NORDESTE,2028,6,17212.912598323284
superior,NORDESTE,2028,7,16749.790910803607
superior,NORDESTE,2028,8,17190.088178771675
superior,NORDESTE,2028,9,18339.943070318244
superior,NORDESTE,2028,10,18505.510166120526
superior,NORDESTE,2028,11,19400.61037558072
superior,NORDESTE,2028,12,19011.6799779694
superior,SUDESTE,2025,1,46004.69543285164
superior,SUDESTE,2025,2,49913.98879659873
superior,SUDESTE,2025,3,48309.93572404408
superior,SUDESTE,2025,4,48439.986436891755
superior,SUDESTE,2025,5,45508.992585686734
superior,SUDESTE,2025,6,46237.69688840905
superior,SUDESTE,2025,7,44909.72215062311
superior,SUDESTE,2025,8,46407.800922021655
superior,SUDESTE,2025,9,49409.2994740746
superior,SUDESTE,2025,10,49708.58934170196
superior,SUDESTE,2025,11,50528.23595743085
superior,SUDESTE,2025,12,49714.12349877389
superior,SUDESTE,2026,1,48212.920813628516
superior,SUDESTE,2026,2,52309.86025883547
superior,SUDESTE,2026,3,50628.8126387982
superior,SUDESTE,2026,4,50765.10578586256
superior,SUDESTE,2026,5,47693.4242297997
superior,SUDESTE,2026,6,48457.10633905269
superior,SUDESTE,2026,7,47065.38881385302
superior,SUDESTE,2026,8,48635.37536627869
superior,SUDESTE,2026,9,51780.94584883018
superior,SUDESTE,2026,10,52094.60163010365
superior,SUDESTE,2026,11,52953.59128338753
superior,SUDESTE,2026,12,52100.401426715034
superior,SUDESTE,2027,1,50527.14101268269
superior,SUDESTE,2027,2,54820.73355125958
superior,SUDESTE,2027,3,53058.99564546052
superior,SUDESTE,2027,4,53201.83086358397
superior,SUDESTE,2027,5,49982.708592830095
superior,SUDESTE,2027,6,50783.047443327225
superior,SUDESTE,2027,7,49324.52747691797
superior,SUDESTE,2027,8,50969.873383860075
superior,SUDESTE,2027,9,54266.43124957402
superior,SUDESTE,2027,10,54595.14250834863
superior,SUDESTE,2027,11,55495.36366499013
superior,SUDESTE,2027,12,54601.22069519736
superior,SUDESTE,2028,1,52952.443781291455
superior,SUDESTE,2028,2,57452.12876172005
superior,SUDESTE,2028,3,55605.827436442625
superior,SUDESTE,2028,4,55755.518745036
superior,SUDESTE,2028,5,52381.878605285936
superior,SUDESTE,2028,6,53220.63372060694
superior,SUDESTE,2028,7,51692.10479581003
superior,SUDESTE,2028,8,53416.42730628536
superior,SUDESTE,2028,9,56871.21994955359
superior,SUDESTE,2028,10,57215.70934874937
superior,SUDESTE,2028,11,58159.141120909655
superior,SUDESTE,2028,12,57222.079288566834
superior,SUL,2025,1,14737.60466790835
superior,SUL,2025,2,16386.563054282025
superior,SUL,2025,3,15361.31863408848
superior,SUL,2025,4,15004.325872833964
superior,SUL,2025,5,13586.266305125337
superior,SUL,2025,6,13850.709552037475
superior,SUL,2025,7,13668.013979153315
superior,SUL,2025,8,14008.262963151941
superior,SUL,2025,9,14319.266290036454
superior,SUL,2025,10,14145.088406174431
superior,SUL,2025,11,14896.018153879237
superior,SUL,2025,12,14927.869234230498
superior,SUL,2026,1,15371.321668628409
superior,SUL,2026,2,17091.185265616154
superior,SUL,2026,3,16021.855335354283
superior,SUL,2026,4,15649.511885365824
superior,SUL,2026,5,14170.475756245725
superior,SUL,2026,6,14446.290062775086
superior,SUL,2026,7,14255.738580256908
superior,SUL,2026,8,14610.618270567473
superior,SUL,2026,9,14934.994740508022
superior,SUL,2026,10,14753.32720763993
superior,SUL,2026,11,15536.546934496044
superior,SUL,2026,12,15569.767611302408
superior,SUL,2027,1,16032.288500379429
superior,SUL,2027,2,17826.106232037644
superior,SUL,2027,3,16710.795114774515
superior,SUL,2027,4,16322.440896436556
superior,SUL,2027,5,14779.806213764292
superior,SUL,2027,6,15067.480535474411
superior,SUL,2027,7,14868.735339207951
superior,SUL,2027,8,15238.874856201874
superior,SUL,2027,9,15577.199514349864
superior,SUL,2027,10,15387.72027756845
superior,SUL,2027,11,16204.618452679371
superior,SUL,2027,12,16239.26761858841
superior,SUL,2028,1,16721.676905895743
superior,SUL,2028,2,18592.62880001526
superior,SUL,2028,3,17429.359304709822
superior,SUL,2028,4,17024.305854983326
superior,SUL,2028,5,15415.337880956155
superior,SUL,2028,6,15715.382198499814
superior,SUL,2028,7,15508.090958793897
superior,SUL,2028,8,15894.146475018551
superior,SUL,2028,9,16247.019093466906
superior,SUL,2028,10,16049.39224950389
superior,SUL,2028,11,16901.417046144583
superior,SUL,2028,12,16937.55612618771
